UTCDateTime,mac_address,firmware_ver,hardware,current_temp_f,current_humidity,current_dewpoint_f,pressure,adc,mem,rssi,uptime,pm1_0_cf_1,pm2_5_cf_1,pm10_0_cf_1,pm1_0_atm,pm2_5_atm,pm10_0_atm,pm2.5_aqi_cf_1,pm2.5_aqi_atm,p_0_3_um,p_0_5_um,p_1_0_um,p_2_5_um,p_5_0_um,p_10_0_um,pm1_0_cf_1_b,pm2_5_cf_1_b,pm10_0_cf_1_b,pm1_0_atm_b,pm2_5_atm_b,pm10_0_atm_b,pm2.5_aqi_cf_1_b,pm2.5_aqi_atm_b,p_0_3_um_b,p_0_5_um_b,p_1_0_um_b,p_2_5_um_b,p_5_0_um_b,p_10_0_um_b,gas
2023/10/25T05:26:03z,8:3a:8d:cb:2e:29,7.04,3.0+OPENLOG+15931 MB+RV3028+BME68X+PMSX003-A+PMSX003-B,81,68,69,1009.09,nan,28144,0,99,53.27,81.16,85.89,35.14,53.77,67.32,164,147,7904.25,2382.91,541.75,34.77,5.43,3.20,56.60,89.26,92.31,36.83,58.62,69.26,169,153,9109.71,2693.48,610.76,45.81,3.36,0.88,nan
2023/10/25T05:28:03z,8:3a:8d:cb:2e:29,7.04,3.0+OPENLOG+15931 MB+RV3028+BME68X+PMSX003-A+PMSX003-B,82,64,68,1009.07,0.02,28056,0,219,51.75,77.02,80.26,34.02,51.51,63.95,162,141,8178.95,2460.67,524.95,33.16,4.63,1.42,55.24,84.93,88.82,35.93,55.73,67.73,166,151,9047.56,2678.05,582.20,43.24,5.29,1.38,50.00
2023/10/25T05:30:03z,8:3a:8d:cb:2e:29,7.04,3.0+OPENLOG+15931 MB+RV3028+BME68X+PMSX003-A+PMSX003-B,83,62,68,1009.03,0.02,28056,0,339,52.13,77.11,80.58,34.56,51.80,64.33,162,142,8165.40,2456.64,517.95,33.78,4.75,2.93,52.96,80.42,82.40,34.74,53.26,65.23,164,146,8728.58,2582.44,559.23,28.63,2.70,1.09,50.00
2023/10/25T05:32:03z,8:3a:8d:cb:2e:29,7.04,3.0+OPENLOG+15931 MB+RV3028+BME68X+PMSX003-A+PMSX003-B,84,61,69,1008.97,0.02,26264,0,459,50.64,73.84,77.22,33.89,50.64,62.76,161,139,7879.25,2368.44,491.71,33.27,4.89,1.85,52.81,79.51,81.88,34.73,52.71,64.85,164,144,8691.46,2550.90,541.53,36.75,2.44,0.88,50.00
2023/10/25T05:34:03z,8:3a:8d:cb:2e:29,7.04,3.0+OPENLOG+15931 MB+RV3028+BME68X+PMSX003-A+PMSX003-B,84,60,68,1008.93,0.02,26264,0,579,49.12,71.61,74.98,33.28,49.84,61.72,160,137,7701.42,2301.42,481.65,31.56,4.96,1.54,52.14,76.81,78.79,34.28,51.72,63.28,162,142,8491.68,2512.47,515.19,30.02,2.68,0.95,50.00
2023/10/25T05:36:03z,8:3a:8d:cb:2e:29,7.04,3.0+OPENLOG+15931 MB+RV3028+BME68X+PMSX003-A+PMSX003-B,85,59,69,1008.88,0.02,26264,0,699,49.11,69.60,73.11,33.44,49.11,60.89,159,136,7647.89,2290.25,457.05,29.65,5.44,1.30,49.80,75.05,77.16,33.71,51.05,62.67,161,140,8148.82,2403.69,499.42,34.16,2.69,1.13,50.00
2023/10/25T05:38:03z,8:3a:8d:cb:2e:29,7.04,3.0+OPENLOG+15931 MB+RV3028+BME68X+PMSX003-A+PMSX003-B,85,57,68,1008.86,0.02,26264,0,819,47.59,68.93,72.57,33.02,49.00,60.74,158,135,7459.97,2233.79,436.55,32.95,5.22,1.79,50.02,75.28,77.41,33.69,50.98,62.72,161,140,8141.59,2412.31,493.93,33.59,2.83,1.14,50.00
2023/10/25T05:40:03z,8:3a:8d:cb:2e:29,7.04,3.0+OPENLOG+15931 MB+RV3028+BME68X+PMSX003-A+PMSX003-B,85,57,68,1008.81,0.02,26264,0,939,47.55,68.78,71.53,32.93,48.95,60.29,158,135,7407.22,2214.04,451.89,29.96,4.18,1.38,50.10,72.64,75.50,33.86,50.41,62.07,160,139,8035.03,2377.59,485.62,27.34,3.31,2.21,50.00
2023/10/25T05:42:03z,8:3a:8d:cb:2e:29,7.04,3.0+OPENLOG+15931 MB+RV3028+BME68X+PMSX003-A+PMSX003-B,86,57,69,1008.80,0.02,26264,0,1059,46.89,66.21,70.88,32.58,47.79,59.61,157,132,7246.11,2176.23,434.16,29.35,7.23,2.46,48.59,72.19,74.43,33.22,50.07,61.57,160,138,7993.66,2355.34,476.45,32.34,2.79,0.83,50.00
2023/10/25T05:44:03z,8:3a:8d:cb:2e:29,7.04,3.0+OPENLOG+15931 MB+RV3028+BME68X+PMSX003-A+PMSX003-B,86,57,69,1008.74,0.02,26264,0,1179,46.86,65.52,68.22,32.66,47.64,58.41,156,132,7228.29,2170.22,424.24,22.41,4.09,1.31,49.04,71.61,72.61,33.50,49.89,60.84,160,137,7939.77,2342.18,456.80,29.50,0.86,0.04,50.00
2023/10/25T05:45:44z,8:3a:8d:cb:2e:29,7.04,3.0+OPENLOG+15931 MB+RV3028+BME68X+PMSX003-A+PMSX003-B,86,56,68,1008.72,nan,26352,0,100,46.52,65.25,68.23,32.52,47.57,58.36,156,132,7144.16,2148.77,420.27,26.57,4.36,2.00,47.72,71.28,74.21,32.84,49.88,61.35,159,137,7937.58,2323.70,490.21,29.47,3.23,1.42,nan
2023/10/25T05:47:44z,8:3a:8d:cb:2e:29,7.04,3.0+OPENLOG+15931 MB+RV3028+BME68X+PMSX003-A+PMSX003-B,86,55,68,1008.71,0.02,26264,0,220,46.58,65.88,67.63,32.75,47.82,58.28,157,132,7185.89,2154.56,410.26,27.02,2.70,0.61,48.57,69.69,72.22,33.26,49.28,60.48,159,136,7846.67,2316.61,437.83,27.50,2.87,0.87,50.00
2023/10/25T05:49:44z,8:3a:8d:cb:2e:29,7.04,3.0+OPENLOG+15931 MB+RV3028+BME68X+PMSX003-A+PMSX003-B,87,54,68,1008.60,0.02,26264,0,340,45.89,63.70,65.73,32.68,47.07,57.16,155,131,7030.61,2110.14,404.21,23.50,3.02,0.95,46.75,68.57,70.36,32.88,48.93,59.70,158,135,7612.98,2235.18,448.04,26.38,1.77,0.68,50.00
2023/10/25T05:51:44z,8:3a:8d:cb:2e:29,7.04,3.0+OPENLOG+15931 MB+RV3028+BME68X+PMSX003-A+PMSX003-B,87,54,68,1008.56,0.02,26264,0,460,45.93,62.59,64.64,32.48,46.39,56.52,155,129,7066.88,2118.98,405.84,16.25,2.86,2.04,46.55,68.34,70.33,32.55,48.62,59.62,158,134,7593.78,2239.62,447.48,29.55,2.52,0.71,50.00
2023/10/25T05:53:44z,8:3a:8d:cb:2e:29,7.04,3.0+OPENLOG+15931 MB+RV3028+BME68X+PMSX003-A+PMSX003-B,87,54,68,1008.52,0.02,26264,0,580,45.07,64.04,66.39,31.96,46.84,57.44,156,130,7016.95,2102.42,418.12,27.37,3.11,1.67,46.74,66.82,68.75,32.58,48.09,58.58,157,133,7558.37,2234.51,438.02,23.40,2.74,1.07,50.00
2023/10/25T05:55:44z,8:3a:8d:cb:2e:29,7.04,3.0+OPENLOG+15931 MB+RV3028+BME68X+PMSX003-A+PMSX003-B,87,53,68,1008.49,0.02,26264,0,700,44.60,61.86,64.71,31.90,46.14,56.41,155,128,6910.66,2056.83,388.02,25.10,3.90,2.33,47.11,67.44,69.14,32.61,48.30,58.82,157,134,7693.00,2242.98,437.28,23.58,2.11,1.12,50.00
2023/10/25T05:57:44z,8:3a:8d:cb:2e:29,7.04,3.0+OPENLOG+15931 MB+RV3028+BME68X+PMSX003-A+PMSX003-B,88,52,68,1008.51,0.02,26264,0,820,44.40,61.05,63.32,31.86,45.82,55.79,154,128,6887.58,2063.67,375.09,20.72,3.11,1.82,46.74,67.51,69.54,32.61,48.47,59.09,157,134,7602.89,2232.21,426.35,27.51,2.67,1.30,50.00
2023/10/25T05:59:44z,8:3a:8d:cb:2e:29,7.04,3.0+OPENLOG+15931 MB+RV3028+BME68X+PMSX003-A+PMSX003-B,88,52,68,1008.46,0.02,26264,0,940,44.52,62.04,64.84,31.95,46.46,56.68,155,129,6902.46,2059.64,397.62,20.93,4.09,0.84,47.40,67.91,69.50,33.07,48.71,59.21,158,135,7601.53,2238.31,446.71,22.71,1.57,0.79,50.00
2023/10/25T06:01:44z,8:3a:8d:cb:2e:29,7.04,3.0+OPENLOG+15931 MB+RV3028+BME68X+PMSX003-A+PMSX003-B,88,52,68,1008.45,0.02,26264,0,1060,44.98,63.73,66.05,32.02,46.89,57.23,156,130,6998.62,2106.34,420.41,24.62,3.16,1.86,46.68,66.47,67.33,32.58,47.86,57.74,157,133,7495.00,2220.42,441.61,17.47,0.75,0.54,50.00
2023/10/25T06:03:44z,8:3a:8d:cb:2e:29,7.04,3.0+OPENLOG+15931 MB+RV3028+BME68X+PMSX003-A+PMSX003-B,88,52,68,1008.46,0.02,25952,0,1180,44.49,61.22,62.92,31.88,45.93,55.56,154,128,6807.86,2034.54,392.07,21.80,1.98,1.37,45.41,64.71,67.20,32.11,47.34,57.86,156,131,7270.07,2147.25,409.66,28.34,2.93,1.21,50.00
2023/10/25T06:05:25z,8:3a:8d:cb:2e:29,7.04,3.0+OPENLOG+15931 MB+RV3028+BME68X+PMSX003-A+PMSX003-B,88,52,68,1008.70,nan,26352,0,100,43.47,59.29,61.84,31.62,45.33,54.98,153,126,6573.07,1986.96,371.84,20.18,3.91,1.27,44.07,62.84,64.63,31.79,46.74,56.56,155,130,7167.00,2107.07,395.95,22.93,2.21,1.23,nan
2023/10/25T06:07:25z,8:3a:8d:cb:2e:29,7.04,3.0+OPENLOG+15931 MB+RV3028+BME68X+PMSX003-A+PMSX003-B,88,51,67,1008.35,0.02,26264,0,220,42.26,58.18,59.67,30.96,44.61,53.74,153,125,6469.16,1932.82,356.95,22.39,1.98,1.32,45.62,66.93,68.20,32.45,48.20,58.55,157,133,7408.09,2184.44,430.65,27.96,1.16,0.47,50.00
2023/10/25T06:09:25z,8:3a:8d:cb:2e:29,7.04,3.0+OPENLOG+15931 MB+RV3028+BME68X+PMSX003-A+PMSX003-B,88,50,67,1008.33,0.02,26264,0,340,41.70,57.84,59.64,30.86,44.84,53.70,152,125,6475.98,1928.93,362.12,21.64,2.39,1.20,43.86,62.86,64.86,31.49,46.58,56.63,155,129,7137.20,2089.85,404.00,24.61,2.95,0.59,50.00
2023/10/25T06:11:25z,8:3a:8d:cb:2e:29,7.04,3.0+OPENLOG+15931 MB+RV3028+BME68X+PMSX003-A+PMSX003-B,88,49,66,1008.25,0.02,26264,0,460,42.66,59.02,60.91,31.25,45.18,54.50,153,126,6567.00,1957.43,371.57,21.86,2.73,1.55,43.54,62.64,63.71,31.50,46.54,56.00,155,129,7045.71,2074.32,391.96,22.09,1.46,0.64,50.00
2023/10/25T06:13:25z,8:3a:8d:cb:2e:29,7.04,3.0+OPENLOG+15931 MB+RV3028+BME68X+PMSX003-A+PMSX003-B,89,49,67,1008.24,0.02,26264,0,580,42.16,58.48,60.24,31.00,44.88,54.12,153,125,6387.36,1923.90,363.12,24.31,2.67,0.84,43.27,62.59,63.96,31.09,46.30,56.00,155,129,7036.50,2065.23,397.50,21.98,1.80,0.98,50.00
2023/10/25T06:15:25z,8:3a:8d:cb:2e:29,7.04,3.0+OPENLOG+15931 MB+RV3028+BME68X+PMSX003-A+PMSX003-B,89,49,67,1008.19,0.02,26264,0,700,41.34,58.78,60.81,30.52,44.90,54.43,153,125,6440.22,1929.53,373.26,25.55,3.05,1.38,44.32,63.38,64.98,31.72,46.94,56.77,155,130,7137.28,2108.72,406.72,23.47,1.96,0.58,50.00
2023/10/25T06:17:25z,8:3a:8d:cb:2e:29,7.04,3.0+OPENLOG+15931 MB+RV3028+BME68X+PMSX003-A+PMSX003-B,89,49,67,1008.13,0.02,26264,0,820,41.67,55.21,57.25,30.61,43.56,52.19,151,122,6362.32,1917.49,338.91,12.93,3.32,0.98,42.82,61.55,62.95,31.29,46.14,55.57,154,128,6992.52,2048.00,403.82,21.41,2.07,0.55,50.00
2023/10/25T06:19:25z,8:3a:8d:cb:2e:29,7.04,3.0+OPENLOG+15931 MB+RV3028+BME68X+PMSX003-A+PMSX003-B,89,49,67,1008.07,0.02,26264,0,940,40.79,55.91,58.27,30.00,43.46,52.62,151,122,6472.07,1930.43,350.80,18.70,3.54,1.20,42.98,60.02,61.78,31.38,45.65,55.05,154,127,6863.10,2018.50,388.78,19.88,2.37,0.78,50.00
2023/10/25T06:21:25z,8:3a:8d:cb:2e:29,7.04,3.0+OPENLOG+15931 MB+RV3028+BME68X+PMSX003-A+PMSX003-B,89,48,66,1008.07,0.02,26264,0,1060,39.66,54.00,55.55,29.70,42.96,51.21,148,121,6200.84,1862.25,331.77,14.27,2.16,1.43,42.24,61.40,63.17,31.02,46.09,55.64,154,128,6857.90,2017.86,409.19,25.12,1.83,0.69,50.00
2023/10/25T06:23:25z,8:3a:8d:cb:2e:29,7.04,3.0+OPENLOG+15931 MB+RV3028+BME68X+PMSX003-A+PMSX003-B,89,47,66,1008.02,0.02,26264,0,1180,41.53,56.47,59.22,30.80,44.22,53.56,152,124,6348.10,1911.78,340.25,21.05,3.68,2.08,41.96,58.96,60.25,30.93,45.14,54.04,153,126,6893.89,2008.80,370.18,19.02,1.46,0.41,50.00
2023/10/25T06:25:06z,8:3a:8d:cb:2e:29,7.04,3.0+OPENLOG+15931 MB+RV3028+BME68X+PMSX003-A+PMSX003-B,89,48,67,1007.97,nan,26352,0,101,40.51,55.58,57.80,30.38,43.60,52.58,151,122,6300.20,1887.49,333.47,20.20,2.87,1.36,42.98,61.76,63.32,31.24,46.15,55.56,154,128,6987.29,2056.49,386.90,24.95,1.85,0.85,nan
2023/10/25T06:27:06z,8:3a:8d:cb:2e:29,7.04,3.0+OPENLOG+15931 MB+RV3028+BME68X+PMSX003-A+PMSX003-B,89,48,66,1007.96,0.02,26264,0,221,39.70,53.42,55.02,29.89,42.72,50.89,146,120,6197.00,1845.46,323.21,15.98,2.39,1.11,41.49,58.72,61.00,30.44,45.02,54.35,153,126,6822.58,1994.91,385.53,18.26,2.63,1.81,50.00
2023/10/25T06:29:06z,8:3a:8d:cb:2e:29,7.04,3.0+OPENLOG+15931 MB+RV3028+BME68X+PMSX003-A+PMSX003-B,89,47,66,1007.98,0.02,26264,0,341,40.57,54.28,55.84,30.31,43.17,51.48,148,121,6220.55,1856.52,331.71,15.36,2.33,1.00,41.66,60.59,62.90,30.81,45.80,55.54,154,127,6756.20,2001.14,397.90,23.24,3.03,1.02,50.00
2023/10/25T06:31:06z,8:3a:8d:cb:2e:29,7.04,3.0+OPENLOG+15931 MB+RV3028+BME68X+PMSX003-A+PMSX003-B,89,47,66,1007.90,0.02,26264,0,461,39.52,53.70,55.80,29.86,42.84,51.29,147,120,6185.04,1847.25,334.12,16.07,3.36,0.88,43.36,61.02,62.88,31.32,45.88,55.49,154,128,6955.98,2046.68,389.14,20.47,2.61,0.51,50.00
2023/10/25T06:33:06z,8:3a:8d:cb:2e:29,7.04,3.0+OPENLOG+15931 MB+RV3028+BME68X+PMSX003-A+PMSX003-B,89,46,66,1007.90,0.02,26264,0,581,39.27,53.14,54.61,29.71,42.53,50.64,145,119,6046.47,1800.05,323.53,16.78,2.22,1.17,40.70,59.61,60.68,30.32,45.30,54.35,153,126,6712.00,1972.88,379.79,21.19,1.39,0.56,50.00
2023/10/25T06:35:06z,8:3a:8d:cb:2e:29,7.04,3.0+OPENLOG+15931 MB+RV3028+BME68X+PMSX003-A+PMSX003-B,89,46,65,1007.85,0.02,26264,0,701,39.46,52.70,54.23,29.61,42.25,50.46,144,119,6008.47,1799.96,321.04,17.98,1.89,0.98,41.55,58.98,60.20,30.55,45.05,54.00,153,126,6694.66,1967.30,369.14,24.30,1.79,0.68,50.00
2023/10/25T06:37:06z,8:3a:8d:cb:2e:29,7.04,3.0+OPENLOG+15931 MB+RV3028+BME68X+PMSX003-A+PMSX003-B,90,46,66,1007.81,0.02,26264,0,821,39.49,53.04,55.19,29.91,42.40,50.89,145,119,6094.53,1822.21,337.47,12.63,3.56,1.39,41.88,57.70,59.84,30.88,44.58,53.75,152,124,6723.79,1968.75,365.35,18.07,3.04,0.40,50.00
2023/10/25T06:39:06z,8:3a:8d:cb:2e:29,7.04,3.0+OPENLOG+15931 MB+RV3028+BME68X+PMSX003-A+PMSX003-B,90,46,66,1007.78,0.02,26264,0,941,40.89,54.23,56.04,30.40,43.09,51.44,148,121,6210.32,1861.30,327.79,17.05,2.60,0.91,41.88,59.73,61.22,30.76,45.27,54.59,153,126,6807.71,2004.92,377.81,21.02,1.83,0.34,50.00
2023/10/25T06:41:06z,8:3a:8d:cb:2e:29,7.04,3.0+OPENLOG+15931 MB+RV3028+BME68X+PMSX003-A+PMSX003-B,90,46,66,1007.73,0.02,26264,0,1061,37.39,51.12,52.53,28.68,41.56,49.37,141,117,5889.68,1763.88,312.82,15.60,2.04,0.75,40.66,57.07,58.20,30.39,44.29,52.70,152,124,6636.32,1949.79,367.59,13.59,1.14,0.36,50.00
2023/10/25T06:43:06z,8:3a:8d:cb:2e:29,7.04,3.0+OPENLOG+15931 MB+RV3028+BME68X+PMSX003-A+PMSX003-B,90,46,66,1007.69,0.02,26264,0,1181,39.69,54.17,55.33,30.03,43.14,51.24,148,121,6071.17,1827.48,338.67,16.72,1.78,0.21,42.55,60.38,61.80,31.00,45.57,54.91,154,127,6838.45,2022.46,388.38,19.93,1.52,0.38,50.00
2023/10/25T06:44:46z,8:3a:8d:cb:2e:29,7.04,3.0+OPENLOG+15931 MB+RV3028+BME68X+PMSX003-A+PMSX003-B,90,46,66,1007.70,nan,26352,0,100,38.76,51.38,52.64,29.62,41.93,49.60,141,118,5936.47,1780.62,308.89,11.49,1.78,0.53,41.74,60.26,61.07,30.88,45.60,54.55,154,127,6799.50,1992.19,380.81,24.29,0.95,0.43,nan
2023/10/25T06:46:46z,8:3a:8d:cb:2e:29,7.04,3.0+OPENLOG+15931 MB+RV3028+BME68X+PMSX003-A+PMSX003-B,90,45,66,1007.66,0.02,26264,0,220,38.47,54.59,56.52,29.41,43.36,51.88,149,121,6011.69,1804.00,344.86,23.34,2.50,1.43,40.95,58.64,59.36,30.27,44.62,53.42,153,125,6694.20,1972.35,386.13,17.65,1.11,0.45,50.00
2023/10/25T06:48:46z,8:3a:8d:cb:2e:29,7.04,3.0+OPENLOG+15931 MB+RV3028+BME68X+PMSX003-A+PMSX003-B,90,45,66,1007.60,0.02,26264,0,340,38.73,52.55,53.87,29.62,42.44,50.29,144,119,5929.69,1774.20,330.40,14.95,2.02,1.04,41.02,57.14,59.09,30.53,44.53,53.45,152,124,6589.09,1934.36,374.90,17.50,2.17,0.57,50.00
2023/10/25T06:50:46z,8:3a:8d:cb:2e:29,7.04,3.0+OPENLOG+15931 MB+RV3028+BME68X+PMSX003-A+PMSX003-B,90,46,66,1007.54,0.02,26264,0,460,38.78,53.18,55.15,29.49,42.73,51.04,146,120,5945.67,1779.93,326.78,21.67,2.96,1.51,40.80,57.37,58.60,30.23,44.17,53.00,152,123,6564.70,1925.20,373.38,18.80,1.48,0.40,50.00
2023/10/25T06:52:46z,8:3a:8d:cb:2e:29,7.04,3.0+OPENLOG+15931 MB+RV3028+BME68X+PMSX003-A+PMSX003-B,90,45,66,1007.54,0.02,26264,0,580,37.74,52.00,53.25,28.86,42.02,49.68,143,118,5922.79,1770.86,313.21,18.11,1.79,0.72,40.07,56.61,58.49,30.16,44.21,53.07,152,124,6550.05,1903.30,363.21,19.30,2.74,0.53,50.00
2023/10/25T06:54:46z,8:3a:8d:cb:2e:29,7.04,3.0+OPENLOG+15931 MB+RV3028+BME68X+PMSX003-A+PMSX003-B,90,45,66,1007.50,0.02,26264,0,700,37.93,49.90,50.74,29.24,41.07,48.40,137,116,5858.17,1746.26,302.24,9.62,1.31,0.36,40.20,56.34,57.54,30.34,44.12,52.50,152,123,6539.52,1908.16,354.80,15.98,1.55,0.29,50.00
2023/10/25T06:56:46z,8:3a:8d:cb:2e:29,7.04,3.0+OPENLOG+15931 MB+RV3028+BME68X+PMSX003-A+PMSX003-B,90,45,65,1007.51,0.02,26264,0,820,37.82,52.41,54.36,29.00,42.32,50.52,144,119,5925.16,1763.77,326.54,19.96,2.93,1.02,39.78,56.79,57.76,29.97,44.31,52.57,152,124,6445.09,1907.55,360.28,17.97,1.48,0.81,50.00
2023/10/25T06:58:46z,8:3a:8d:cb:2e:29,7.04,3.0+OPENLOG+15931 MB+RV3028+BME68X+PMSX003-A+PMSX003-B,90,44,65,1007.47,0.02,26264,0,940,38.75,52.09,53.86,29.60,42.26,50.26,143,119,5941.79,1775.86,337.25,12.12,2.19,1.21,40.68,56.73,57.86,30.51,44.32,52.85,152,124,6496.27,1916.78,360.24,18.41,0.98,0.64,50.00
2023/10/25T07:00:46z,8:3a:8d:cb:2e:29,7.04,3.0+OPENLOG+15931 MB+RV3028+BME68X+PMSX003-A+PMSX003-B,90,44,65,1007.42,0.02,25952,0,1060,37.16,51.28,53.31,28.84,41.79,49.98,141,118,5789.28,1741.07,322.55,17.24,2.79,1.90,40.47,57.53,58.89,30.30,44.51,53.28,152,124,6562.11,1930.16,361.56,21.11,2.02,0.37,50.00
2023/10/25T07:02:46z,8:3a:8d:cb:2e:29,7.04,3.0+OPENLOG+15931 MB+RV3028+BME68X+PMSX003-A+PMSX003-B,90,45,65,1007.42,0.02,26264,0,1180,38.29,51.75,52.80,29.20,41.81,49.58,142,118,5909.80,1778.80,322.86,16.56,1.47,0.81,40.69,56.48,57.35,30.37,44.04,52.26,152,123,6578.22,1929.69,342.50,16.80,1.37,0.19,50.00
2023/10/25T07:04:26z,8:3a:8d:cb:2e:29,7.04,3.0+OPENLOG+15931 MB+RV3028+BME68X+PMSX003-A+PMSX003-B,90,45,65,1007.36,nan,26352,0,99,37.89,51.28,54.20,28.93,41.52,50.35,141,117,5935.17,1774.13,315.17,16.04,4.22,1.91,41.14,58.33,59.02,30.64,44.93,53.33,153,125,6620.14,1942.57,353.07,21.93,0.79,0.24,nan
2023/10/25T07:06:26z,8:3a:8d:cb:2e:29,7.04,3.0+OPENLOG+15931 MB+RV3028+BME68X+PMSX003-A+PMSX003-B,90,44,65,1007.33,0.02,25952,0,219,36.79,51.21,52.74,28.45,41.67,49.53,141,117,5810.22,1720.29,333.97,16.69,2.12,1.12,40.60,57.02,58.27,30.44,44.53,53.00,152,124,6582.60,1926.67,355.42,17.27,1.87,0.07,50.00
2023/10/25T07:08:26z,8:3a:8d:cb:2e:29,7.04,3.0+OPENLOG+15931 MB+RV3028+BME68X+PMSX003-A+PMSX003-B,90,44,65,1007.33,0.02,26264,0,339,38.79,53.66,55.55,29.48,42.96,51.18,147,121,5968.71,1797.98,326.16,19.45,2.93,1.52,40.47,58.17,59.73,30.05,44.42,53.46,153,124,6630.51,1946.00,371.32,23.20,1.64,0.92,50.00
2023/10/25T07:10:26z,8:3a:8d:cb:2e:29,7.04,3.0+OPENLOG+15931 MB+RV3028+BME68X+PMSX003-A+PMSX003-B,90,44,65,1007.26,0.02,26080,0,459,38.43,52.16,56.32,29.43,42.29,51.82,143,119,5935.29,1773.62,320.86,23.00,5.50,3.45,40.88,60.12,63.12,30.36,45.46,55.62,154,127,6657.86,1960.18,394.46,31.41,3.89,1.55,50.00
2023/10/25T07:12:26z,8:3a:8d:cb:2e:29,7.04,3.0+OPENLOG+15931 MB+RV3028+BME68X+PMSX003-A+PMSX003-B,90,44,65,1007.25,0.02,25640,0,579,38.34,54.10,58.72,29.40,43.12,53.10,148,121,5945.33,1774.45,334.03,30.17,6.47,3.76,41.23,59.56,64.16,30.51,45.16,56.21,153,126,6729.74,1993.51,392.68,26.84,6.77,2.91,50.00
2023/10/25T07:14:26z,8:3a:8d:cb:2e:29,7.04,3.0+OPENLOG+15931 MB+RV3028+BME68X+PMSX003-A+PMSX003-B,90,44,65,1007.26,0.02,26264,0,699,39.12,52.32,57.41,29.85,42.36,52.47,143,119,6029.34,1807.92,330.34,17.93,7.25,4.14,40.77,59.77,63.46,30.57,45.48,55.89,153,127,6658.45,1959.98,390.55,27.71,4.59,1.64,50.00
2023/10/25T07:16:26z,8:3a:8d:cb:2e:29,7.04,3.0+OPENLOG+15931 MB+RV3028+BME68X+PMSX003-A+PMSX003-B,90,45,66,1007.22,0.02,26264,0,819,39.52,56.04,62.80,30.00,44.02,55.55,152,123,6082.88,1835.05,352.04,34.62,9.18,5.96,42.28,59.97,63.43,31.17,45.52,55.88,154,127,6772.24,2019.74,402.67,19.17,4.59,1.98,50.00
2023/10/25T07:18:26z,8:3a:8d:cb:2e:29,7.04,3.0+OPENLOG+15931 MB+RV3028+BME68X+PMSX003-A+PMSX003-B,90,45,65,1007.19,0.02,26264,0,939,38.27,55.65,61.31,29.24,43.80,54.69,151,123,6017.40,1795.75,358.69,29.45,8.05,5.02,42.00,61.66,65.43,30.84,46.21,56.95,154,128,6770.17,1996.66,392.62,31.36,4.66,2.55,50.00
2023/10/25T07:20:26z,8:3a:8d:cb:2e:29,7.04,3.0+OPENLOG+15931 MB+RV3028+BME68X+PMSX003-A+PMSX003-B,90,44,65,1007.14,0.02,26264,0,1059,38.26,54.07,57.12,29.35,43.02,52.11,148,121,5925.26,1778.96,339.21,25.49,4.47,2.39,42.49,59.63,61.60,31.02,45.39,54.88,153,126,6793.53,2002.88,381.09,20.68,2.42,1.07,50.00
2023/10/25T07:22:26z,8:3a:8d:cb:2e:29,7.04,3.0+OPENLOG+15931 MB+RV3028+BME68X+PMSX003-A+PMSX003-B,90,44,65,1007.17,0.02,26264,0,1179,38.60,53.47,56.67,29.45,42.76,51.90,146,120,6014.53,1803.03,329.93,22.12,4.79,2.00,41.54,59.95,63.21,30.80,45.62,55.84,154,127,6681.21,1972.36,394.62,26.04,4.27,1.04,50.00
2023/10/25T07:24:07z,8:3a:8d:cb:2e:29,7.04,3.0+OPENLOG+15931 MB+RV3028+BME68X+PMSX003-A+PMSX003-B,90,44,65,1007.13,nan,26352,0,100,37.77,51.55,54.75,28.89,41.80,50.59,142,118,5919.61,1766.91,309.59,20.59,4.00,2.20,41.42,58.98,61.63,30.70,45.07,54.84,153,126,6648.49,1976.33,388.60,21.86,3.23,1.30,nan
2023/10/25T07:26:07z,8:3a:8d:cb:2e:29,7.04,3.0+OPENLOG+15931 MB+RV3028+BME68X+PMSX003-A+PMSX003-B,90,45,65,1007.09,0.02,26264,0,220,39.98,54.48,58.24,30.21,43.36,52.90,149,121,6097.29,1842.00,331.95,18.97,5.21,3.24,41.71,59.31,62.82,30.60,45.02,55.42,153,126,6688.69,1985.75,385.89,24.13,4.75,1.84,50.00
2023/10/25T07:28:07z,8:3a:8d:cb:2e:29,7.04,3.0+OPENLOG+15931 MB+RV3028+BME68X+PMSX003-A+PMSX003-B,91,44,66,1007.05,0.02,26264,0,340,38.98,52.62,54.95,29.71,42.55,50.93,144,120,5940.80,1783.71,337.09,13.73,3.07,0.46,40.36,58.31,59.95,30.31,44.84,53.98,153,125,6591.72,1929.69,380.66,19.83,1.69,0.67,50.00
2023/10/25T07:30:07z,8:3a:8d:cb:2e:29,7.04,3.0+OPENLOG+15931 MB+RV3028+BME68X+PMSX003-A+PMSX003-B,91,43,66,1007.04,0.02,26264,0,460,38.61,54.06,57.31,29.44,43.17,52.39,148,121,6010.72,1793.87,336.17,23.81,4.63,2.28,41.70,59.61,61.93,30.86,45.35,55.14,153,126,6659.47,1979.09,379.72,23.67,2.95,1.16,50.00
2023/10/25T07:32:07z,8:3a:8d:cb:2e:29,7.04,3.0+OPENLOG+15931 MB+RV3028+BME68X+PMSX003-A+PMSX003-B,91,43,65,1006.99,0.02,26264,0,580,38.97,53.31,56.63,29.78,42.80,51.97,146,120,5971.17,1786.05,327.36,23.14,4.44,2.81,42.12,59.04,60.86,30.86,45.16,54.54,153,126,6746.47,1995.23,380.70,18.77,2.37,1.25,50.00
2023/10/25T07:34:07z,8:3a:8d:cb:2e:29,7.04,3.0+OPENLOG+15931 MB+RV3028+BME68X+PMSX003-A+PMSX003-B,90,42,64,1006.92,0.02,26264,0,700,39.09,53.22,57.41,29.69,42.76,52.40,146,120,6033.93,1805.71,329.22,21.90,5.84,2.86,40.80,59.16,60.45,30.55,45.16,54.09,153,126,6603.71,1958.82,381.33,21.67,1.65,0.51,50.00
2023/10/25T07:36:07z,8:3a:8d:cb:2e:29,7.04,3.0+OPENLOG+15931 MB+RV3028+BME68X+PMSX003-A+PMSX003-B,90,41,63,1006.80,0.02,25952,0,820,38.81,54.35,57.02,29.56,43.19,52.23,148,121,6022.84,1810.09,348.65,20.42,3.75,1.89,40.66,58.61,60.34,30.43,45.00,54.04,153,126,6634.45,1955.93,385.59,21.36,2.41,0.21,50.00
2023/10/25T07:38:07z,8:3a:8d:cb:2e:29,7.04,3.0+OPENLOG+15931 MB+RV3028+BME68X+PMSX003-A+PMSX003-B,90,41,63,1006.81,0.02,26264,0,940,37.49,52.64,55.40,28.73,42.27,51.02,144,119,5921.40,1779.55,314.62,23.20,4.45,1.69,41.81,58.02,59.88,30.84,44.78,53.88,153,125,6649.09,1974.43,387.07,14.90,2.24,0.93,50.00
2023/10/25T07:40:07z,8:3a:8d:cb:2e:29,7.04,3.0+OPENLOG+15931 MB+RV3028+BME68X+PMSX003-A+PMSX003-B,91,42,64,1006.75,0.02,25952,0,1060,37.46,51.49,55.09,28.84,41.79,50.95,141,118,5846.79,1750.72,320.23,19.49,5.54,2.19,41.95,58.86,60.65,31.00,45.21,54.44,153,126,6657.21,1976.40,380.32,18.49,2.18,0.81,50.00
2023/10/25T07:42:07z,8:3a:8d:cb:2e:29,7.04,3.0+OPENLOG+15931 MB+RV3028+BME68X+PMSX003-A+PMSX003-B,91,42,65,1006.70,0.02,26264,0,1180,38.00,52.60,54.35,29.05,42.23,50.40,144,119,5914.26,1782.88,323.88,19.28,2.11,1.54,41.33,60.11,61.72,30.57,45.48,54.81,154,127,6748.22,1978.50,386.37,26.69,2.41,0.37,50.00
2023/10/25T07:43:47z,8:3a:8d:cb:2e:29,7.04,3.0+OPENLOG+15931 MB+RV3028+BME68X+PMSX003-A+PMSX003-B,91,42,65,1006.69,nan,26352,0,100,38.82,54.14,57.00,29.52,42.95,52.02,148,120,6037.43,1814.84,337.89,22.14,3.52,2.25,42.05,59.98,62.14,30.51,45.35,54.93,154,126,6863.37,2030.26,382.33,21.16,3.40,0.91,nan
2023/10/25T07:45:47z,8:3a:8d:cb:2e:29,7.04,3.0+OPENLOG+15931 MB+RV3028+BME68X+PMSX003-A+PMSX003-B,91,43,65,1006.66,0.02,26264,0,220,37.03,50.53,53.28,28.43,41.19,49.71,139,116,5791.86,1737.10,308.26,20.31,3.95,1.74,42.18,58.46,60.09,30.75,44.62,53.82,153,125,6750.48,1996.12,381.23,16.96,2.04,0.70,50.00
2023/10/25T07:47:47z,8:3a:8d:cb:2e:29,7.04,3.0+OPENLOG+15931 MB+RV3028+BME68X+PMSX003-A+PMSX003-B,91,43,65,1006.68,0.02,26264,0,340,38.21,51.84,53.91,29.16,42.00,50.16,142,118,5854.98,1749.39,316.00,19.91,2.73,1.66,41.47,57.97,59.34,30.88,44.66,53.53,153,125,6710.49,1967.78,373.92,16.81,1.64,0.63,50.00
2023/10/25T07:49:47z,8:3a:8d:cb:2e:29,7.04,3.0+OPENLOG+15931 MB+RV3028+BME68X+PMSX003-A+PMSX003-B,91,42,65,1006.59,0.02,26264,0,460,38.36,52.04,53.84,29.46,42.21,50.36,143,119,5899.07,1764.68,335.18,12.25,2.23,0.96,41.45,58.76,60.10,30.59,44.83,53.95,153,125,6647.28,1962.10,358.78,23.62,2.03,0.60,50.00
2023/10/25T07:51:47z,8:3a:8d:cb:2e:29,7.04,3.0+OPENLOG+15931 MB+RV3028+BME68X+PMSX003-A+PMSX003-B,91,42,65,1006.57,0.02,26264,0,580,39.49,53.64,55.92,29.81,42.93,51.53,147,120,6082.73,1811.10,328.15,19.05,3.27,1.88,41.28,58.49,59.84,30.63,44.88,53.81,153,125,6614.21,1945.89,373.54,21.75,1.77,0.53,50.00
2023/10/25T07:53:47z,8:3a:8d:cb:2e:29,7.04,3.0+OPENLOG+15931 MB+RV3028+BME68X+PMSX003-A+PMSX003-B,91,43,65,1006.53,0.02,26264,0,700,37.67,50.05,51.03,28.90,41.13,48.43,138,116,5810.65,1742.75,310.48,10.98,1.42,0.97,40.96,57.83,59.47,30.42,44.68,53.64,152,125,6634.02,1946.91,366.13,20.02,1.89,1.08,50.00
2023/10/25T07:55:47z,8:3a:8d:cb:2e:29,7.04,3.0+OPENLOG+15931 MB+RV3028+BME68X+PMSX003-A+PMSX003-B,91,43,65,1006.50,0.02,26080,0,820,39.75,54.66,56.23,29.77,43.25,51.50,149,121,6206.95,1857.54,342.29,18.95,1.88,0.55,41.48,57.93,59.55,30.45,44.48,53.48,153,124,6727.50,1983.60,365.31,18.19,2.22,0.53,50.00
2023/10/25T07:57:47z,8:3a:8d:cb:2e:29,7.04,3.0+OPENLOG+15931 MB+RV3028+BME68X+PMSX003-A+PMSX003-B,91,43,65,1006.44,0.02,26264,0,940,37.71,52.14,54.00,28.91,42.05,50.18,143,118,5920.50,1769.57,325.54,18.70,2.54,0.88,41.92,58.88,59.81,30.86,45.00,53.78,153,126,6768.05,1984.08,379.61,19.02,1.61,0.36,50.00
2023/10/25T07:59:47z,8:3a:8d:cb:2e:29,7.04,3.0+OPENLOG+15931 MB+RV3028+BME68X+PMSX003-A+PMSX003-B,90,42,64,1006.43,0.02,26264,0,1060,38.36,53.07,56.05,29.29,42.59,51.53,145,120,5949.62,1773.41,327.91,22.48,3.67,2.57,42.31,58.43,59.62,30.97,44.93,53.74,153,125,6689.90,1976.10,365.55,17.10,1.34,0.53,50.00
2023/10/25T08:01:47z,8:3a:8d:cb:2e:29,7.04,3.0+OPENLOG+15931 MB+RV3028+BME68X+PMSX003-A+PMSX003-B,91,42,65,1006.41,0.02,26264,0,1180,38.14,51.53,52.88,29.19,42.05,49.74,141,118,5893.05,1752.35,303.88,17.19,2.00,1.02,41.67,59.36,60.91,30.56,45.15,54.29,153,126,6719.62,1988.29,371.18,24.76,1.85,0.38,50.00
2023/10/25T08:03:28z,8:3a:8d:cb:2e:29,7.04,3.0+OPENLOG+15931 MB+RV3028+BME68X+PMSX003-A+PMSX003-B,91,43,65,1006.38,nan,26040,0,100,38.51,52.56,55.00,29.36,42.49,51.00,144,119,5940.67,1775.60,326.00,18.36,3.89,1.18,41.89,58.57,60.00,31.09,45.16,54.07,153,126,6656.05,1970.02,380.34,19.32,1.93,0.59,nan
2023/10/25T08:05:28z,8:3a:8d:cb:2e:29,7.04,3.0+OPENLOG+15931 MB+RV3028+BME68X+PMSX003-A+PMSX003-B,91,43,65,1006.35,0.02,26264,0,220,38.47,51.65,52.61,29.44,41.98,49.56,142,118,5863.95,1745.81,309.75,14.28,1.40,0.77,40.64,58.05,59.62,30.50,44.77,53.71,153,125,6523.34,1934.09,369.41,21.20,2.18,0.34,50.00
2023/10/25T09:44:19z,8:3a:8d:cb:2e:29,7.04,3.0+OPENLOG+15931 MB+RV3028+BME68X+PMSX003-A+PMSX003-B,84,42,59,1007.00,nan,26352,0,100,55.24,84.42,92.18,35.91,55.58,69.31,166,151,8617.93,2572.22,550.71,50.87,10.87,6.24,61.63,94.20,98.05,40.15,61.98,71.20,171,155,9992.78,2946.37,593.54,49.71,5.10,0.71,nan
2023/10/25T09:46:19z,8:3a:8d:cb:2e:29,7.04,3.0+OPENLOG+15931 MB+RV3028+BME68X+PMSX003-A+PMSX003-B,85,39,57,1007.01,0.02,26264,0,220,55.09,82.67,89.68,35.77,54.16,68.12,165,148,8837.79,2632.89,552.54,44.86,9.53,4.05,58.78,89.59,93.11,38.30,58.80,69.59,169,153,9794.83,2870.63,583.65,45.74,4.44,1.15,50.00
2023/10/25T09:48:19z,8:3a:8d:cb:2e:29,7.04,3.0+OPENLOG+15931 MB+RV3028+BME68X+PMSX003-A+PMSX003-B,86,37,56,1006.91,0.02,26264,0,340,52.55,78.18,82.45,34.56,52.09,64.96,163,143,8338.69,2495.45,508.38,37.56,6.24,2.51,58.07,89.26,93.61,37.95,58.74,70.00,169,153,9575.32,2825.02,587.14,49.79,5.11,1.35,50.00
2023/10/25T09:50:19z,8:3a:8d:cb:2e:29,7.04,3.0+OPENLOG+15931 MB+RV3028+BME68X+PMSX003-A+PMSX003-B,86,35,55,1006.92,0.02,26264,0,460,53.09,79.96,82.74,34.72,52.92,65.21,164,145,8381.32,2523.38,516.09,41.34,4.13,2.08,56.78,85.68,89.10,36.98,56.19,67.90,167,152,9378.46,2763.32,567.07,39.58,3.86,0.83,50.00
2023/10/25T09:53:46z,8:3a:8d:cb:2e:29,7.04,3.0+OPENLOG+15931 MB+RV3028+BME68X+PMSX003-A+PMSX003-B,86,35,55,1006.89,nan,26352,0,100,52.00,76.63,81.88,34.23,51.19,64.56,162,141,8086.40,2419.47,498.02,38.65,7.63,2.65,56.46,85.95,89.80,36.63,56.44,68.10,167,152,9218.49,2707.32,548.59,42.83,5.07,1.61,nan
2023/10/25T09:55:46z,8:3a:8d:cb:2e:29,7.04,3.0+OPENLOG+15931 MB+RV3028+BME68X+PMSX003-A+PMSX003-B,87,35,56,1006.92,0.02,26264,0,220,55.00,81.59,87.21,36.09,54.02,67.36,165,148,8743.88,2603.52,530.45,42.86,7.66,3.93,59.70,88.75,93.64,38.88,58.30,70.00,168,153,9779.52,2875.12,582.50,44.52,6.52,1.29,50.00
2023/10/25T09:57:46z,8:3a:8d:cb:2e:29,7.04,3.0+OPENLOG+15931 MB+RV3028+BME68X+PMSX003-A+PMSX003-B,87,36,57,1006.91,0.02,26264,0,340,57.95,86.44,91.09,37.85,56.80,68.89,167,152,9135.00,2738.45,567.24,43.49,6.38,2.80,62.24,93.31,97.26,40.59,61.43,71.28,171,154,10226.90,3021.33,620.55,40.03,4.97,1.84,50.00
2023/10/25T09:59:46z,8:3a:8d:cb:2e:29,7.04,3.0+OPENLOG+15931 MB+RV3028+BME68X+PMSX003-A+PMSX003-B,88,36,58,1006.91,0.02,26264,0,460,60.45,88.25,93.25,39.42,58.04,69.82,168,153,9419.51,2827.56,568.96,43.31,7.25,3.00,63.53,96.93,101.11,41.61,63.91,72.81,173,156,10446.95,3086.39,647.58,48.04,5.05,1.54,50.00
2023/10/25T10:01:46z,8:3a:8d:cb:2e:29,7.04,3.0+OPENLOG+15931 MB+RV3028+BME68X+PMSX003-A+PMSX003-B,88,36,57,1006.90,0.02,26264,0,580,60.00,90.17,96.26,39.21,59.33,71.10,169,153,9423.83,2823.76,601.36,50.03,8.43,4.24,65.71,98.73,103.53,42.95,65.07,73.58,174,156,10706.56,3151.35,661.56,48.38,5.84,1.42,50.00
2023/10/25T10:03:46z,8:3a:8d:cb:2e:29,7.04,3.0+OPENLOG+15931 MB+RV3028+BME68X+PMSX003-A+PMSX003-B,88,35,57,1006.89,0.02,26080,0,700,58.47,85.53,89.74,38.19,56.26,68.44,167,152,9164.74,2751.91,551.19,39.70,6.16,3.25,65.24,99.74,103.19,42.85,65.83,73.83,174,157,10529.72,3127.00,654.89,54.44,3.28,1.07,50.00
2023/10/25T10:05:46z,8:3a:8d:cb:2e:29,7.04,3.0+OPENLOG+15931 MB+RV3028+BME68X+PMSX003-A+PMSX003-B,88,34,56,1006.90,0.02,26264,0,820,58.58,84.89,90.09,38.18,55.75,68.28,166,151,9207.32,2751.05,532.02,41.42,7.30,3.35,63.39,96.58,99.88,41.53,63.61,72.47,172,155,10349.49,3052.17,636.54,50.14,3.85,1.75,50.00
2023/10/25T10:07:46z,8:3a:8d:cb:2e:29,7.04,3.0+OPENLOG+15931 MB+RV3028+BME68X+PMSX003-A+PMSX003-B,89,33,56,1006.90,0.02,26264,0,940,57.95,84.89,90.45,37.88,55.77,68.64,166,151,9134.73,2730.82,555.61,39.84,8.02,3.68,62.24,92.98,96.76,40.66,61.07,71.14,171,154,10194.81,2986.69,617.59,44.47,4.83,1.25,50.00
2023/10/25T10:09:46z,8:3a:8d:cb:2e:29,7.04,3.0+OPENLOG+15931 MB+RV3028+BME68X+PMSX003-A+PMSX003-B,89,33,56,1006.90,0.02,26264,0,1060,58.54,86.48,90.77,38.41,57.04,69.05,167,152,9175.29,2747.66,552.62,44.61,6.38,2.61,62.18,94.00,96.49,40.70,61.95,71.14,171,155,10171.32,2998.91,620.04,43.56,3.26,0.98,50.00
2023/10/25T10:11:46z,8:3a:8d:cb:2e:29,7.04,3.0+OPENLOG+15931 MB+RV3028+BME68X+PMSX003-A+PMSX003-B,89,32,55,1006.87,0.02,25952,0,1180,58.24,84.76,88.53,38.07,55.66,67.88,166,151,9105.31,2731.45,548.38,39.22,4.66,2.26,63.41,92.78,95.57,41.54,61.11,70.87,170,154,10188.50,2997.56,611.15,36.26,3.11,0.52,50.00
2023/10/25T10:13:26z,8:3a:8d:cb:2e:29,7.04,3.0+OPENLOG+15931 MB+RV3028+BME68X+PMSX003-A+PMSX003-B,89,32,55,1006.88,nan,26352,0,100,57.70,82.75,86.64,37.73,54.84,67.07,165,150,8963.32,2670.93,534.27,34.09,5.86,2.48,63.81,94.05,97.81,41.79,61.79,71.71,171,155,10305.79,3022.86,616.98,41.19,4.55,0.98,nan
2023/10/25T10:15:26z,8:3a:8d:cb:2e:29,7.04,3.0+OPENLOG+15931 MB+RV3028+BME68X+PMSX003-A+PMSX003-B,89,31,55,1006.95,0.02,26264,0,220,58.38,83.03,88.43,38.07,54.67,67.79,165,149,8954.17,2710.36,529.95,36.53,7.41,4.00,61.91,94.30,97.89,40.54,62.17,71.87,171,155,10184.28,2997.15,613.33,47.19,4.28,1.13,50.00
2023/10/25T10:17:26z,8:3a:8d:cb:2e:29,7.04,3.0+OPENLOG+15931 MB+RV3028+BME68X+PMSX003-A+PMSX003-B,89,31,54,1006.89,0.02,26264,0,340,58.62,84.09,87.66,38.29,55.38,67.45,166,151,9099.59,2722.30,544.86,37.09,4.66,2.82,62.24,93.26,96.00,40.72,61.40,70.88,171,154,10168.19,2992.71,614.22,42.29,3.31,0.88,50.00
2023/10/25T10:19:26z,8:3a:8d:cb:2e:29,7.04,3.0+OPENLOG+15931 MB+RV3028+BME68X+PMSX003-A+PMSX003-B,89,30,54,1006.89,0.02,26264,0,460,59.26,85.11,89.49,38.62,56.06,68.28,167,152,9131.60,2740.70,563.96,36.60,6.23,3.09,61.00,90.98,93.77,39.84,60.04,70.25,170,154,9934.11,2918.81,594.60,40.32,3.39,1.53,50.00
2023/10/25T10:21:26z,8:3a:8d:cb:2e:29,7.04,3.0+OPENLOG+15931 MB+RV3028+BME68X+PMSX003-A+PMSX003-B,90,30,54,1006.90,0.02,25952,0,580,57.57,83.30,86.55,37.61,54.86,67.16,166,150,8921.14,2672.12,533.20,40.16,4.73,2.25,61.70,91.71,95.05,40.38,60.41,70.71,170,154,10027.34,2949.91,590.39,40.68,4.25,1.91,50.00
2023/10/25T10:23:26z,8:3a:8d:cb:2e:29,7.04,3.0+OPENLOG+15931 MB+RV3028+BME68X+PMSX003-A+PMSX003-B,90,30,54,1006.88,0.02,26264,0,700,56.89,80.26,85.37,37.18,53.19,66.60,164,146,8816.11,2635.23,502.47,32.65,6.67,4.47,60.30,88.65,91.59,39.33,58.33,69.11,168,153,9843.22,2889.31,582.87,37.15,3.50,1.31,50.00
2023/10/25T10:25:26z,8:3a:8d:cb:2e:29,7.04,3.0+OPENLOG+15931 MB+RV3028+BME68X+PMSX003-A+PMSX003-B,90,30,54,1006.83,0.02,26264,0,820,55.28,79.82,81.75,35.95,53.14,64.86,164,145,8720.00,2597.39,512.93,30.39,2.70,1.51,60.39,88.00,91.27,39.38,57.70,68.82,168,152,9834.05,2892.20,568.91,37.16,4.61,0.79,50.00
2023/10/25T10:27:26z,8:3a:8d:cb:2e:29,7.04,3.0+OPENLOG+15931 MB+RV3028+BME68X+PMSX003-A+PMSX003-B,90,30,54,1006.86,0.02,26264,0,940,57.62,82.33,85.55,37.64,54.15,66.65,165,148,8940.55,2687.96,509.49,34.40,4.60,2.09,60.93,92.00,95.16,39.76,60.52,70.48,170,154,10014.67,2941.40,603.55,43.55,3.79,0.91,50.00
2023/10/25T10:29:26z,8:3a:8d:cb:2e:29,7.04,3.0+OPENLOG+15931 MB+RV3028+BME68X+PMSX003-A+PMSX003-B,90,29,54,1006.87,0.02,26264,0,1060,57.39,83.39,88.16,37.59,55.12,67.91,166,151,8945.20,2676.02,529.20,38.55,6.96,3.11,61.63,90.09,93.49,40.33,59.25,69.82,169,153,10036.37,2948.05,580.54,37.95,4.54,1.81,50.00
2023/10/25T10:31:26z,8:3a:8d:cb:2e:29,7.04,3.0+OPENLOG+15931 MB+RV3028+BME68X+PMSX003-A+PMSX003-B,90,29,54,1006.84,0.02,26264,0,1180,56.95,81.72,85.68,37.23,53.91,66.72,165,147,8850.37,2644.61,515.37,37.96,5.79,2.32,60.85,87.76,90.98,39.63,57.61,68.83,168,152,9859.39,2909.78,559.30,35.93,4.35,1.50,50.00
2023/10/25T10:33:08z,8:3a:8d:cb:2e:29,7.04,3.0+OPENLOG+15931 MB+RV3028+BME68X+PMSX003-A+PMSX003-B,90,29,54,1006.82,nan,26352,0,100,56.59,80.66,83.55,36.98,53.39,65.82,164,146,8743.98,2625.02,505.07,32.66,4.16,2.09,59.81,88.93,92.83,39.07,58.60,69.83,169,153,9759.93,2869.33,571.88,41.29,4.55,1.64,nan
2023/10/25T10:35:08z,8:3a:8d:cb:2e:29,7.04,3.0+OPENLOG+15931 MB+RV3028+BME68X+PMSX003-A+PMSX003-B,90,29,54,1006.82,0.02,26264,0,220,56.68,80.38,83.38,37.18,53.39,65.70,164,146,8722.93,2626.77,526.95,28.36,4.20,1.80,58.87,88.51,90.51,38.53,58.28,68.89,168,153,9564.91,2825.81,564.51,41.79,2.15,0.83,50.00
2023/10/25T10:37:08z,8:3a:8d:cb:2e:29,7.04,3.0+OPENLOG+15931 MB+RV3028+BME68X+PMSX003-A+PMSX003-B,90,29,53,1006.84,0.02,24456,0,340,54.00,78.22,82.09,35.40,52.35,65.07,163,143,8462.02,2529.87,497.35,38.20,5.42,3.25,59.24,85.93,88.24,38.72,56.48,67.76,167,152,9622.03,2819.31,555.45,32.86,2.88,0.53,50.00
2023/10/25T10:39:08z,8:3a:8d:cb:2e:29,7.04,3.0+OPENLOG+15931 MB+RV3028+BME68X+PMSX003-A+PMSX003-B,90,28,53,1006.94,0.02,24288,0,460,55.98,78.70,82.02,36.57,52.50,65.11,163,144,8584.98,2580.54,501.96,30.82,4.59,2.54,57.02,86.35,89.68,37.19,56.75,68.32,167,152,9439.68,2763.88,556.65,44.89,4.75,1.61,50.00
2023/10/25T10:41:08z,8:3a:8d:cb:2e:29,7.04,3.0+OPENLOG+15931 MB+RV3028+BME68X+PMSX003-A+PMSX003-B,90,28,53,1006.78,0.02,24288,0,580,54.37,77.82,80.70,35.54,52.12,64.54,163,143,8426.26,2524.49,498.07,32.25,3.91,2.07,56.83,85.61,88.56,37.17,56.33,67.96,167,152,9323.61,2740.72,555.91,40.30,4.09,1.44,50.00
2023/10/25T10:43:08z,8:3a:8d:cb:2e:29,7.04,3.0+OPENLOG+15931 MB+RV3028+BME68X+PMSX003-A+PMSX003-B,90,28,53,1006.80,0.02,24288,0,700,55.31,78.86,83.41,36.08,52.29,65.61,163,143,8552.95,2567.49,484.76,38.22,6.46,2.64,58.43,86.73,89.88,38.14,57.12,68.54,167,152,9432.96,2785.05,550.80,43.20,4.46,1.20,50.00
2023/10/25T10:45:08z,8:3a:8d:cb:2e:29,7.04,3.0+OPENLOG+15931 MB+RV3028+BME68X+PMSX003-A+PMSX003-B,91,29,54,1006.81,0.02,24288,0,820,53.67,77.61,81.02,35.31,52.24,64.65,163,143,8348.89,2495.52,477.46,35.74,4.74,2.80,57.28,85.32,88.79,37.47,56.14,68.18,167,152,9300.84,2744.02,531.65,44.61,4.51,1.81,50.00
2023/10/25T10:47:08z,8:3a:8d:cb:2e:29,7.04,3.0+OPENLOG+15931 MB+RV3028+BME68X+PMSX003-A+PMSX003-B,91,29,54,1006.78,0.02,25248,0,940,50.98,71.73,74.62,34.15,50.05,61.75,160,138,7958.24,2377.75,461.18,26.56,4.51,1.58,57.04,83.25,85.09,37.25,54.68,66.36,166,149,9326.41,2728.59,516.70,36.80,2.11,0.39,50.00
2023/10/25T10:49:08z,8:3a:8d:cb:2e:29,7.04,3.0+OPENLOG+15931 MB+RV3028+BME68X+PMSX003-A+PMSX003-B,91,29,54,1006.77,0.02,25608,0,1060,52.49,72.29,74.37,34.80,50.37,61.53,160,139,8024.34,2409.54,460.63,21.76,2.85,1.81,58.20,85.25,87.87,38.15,56.07,67.71,167,152,9417.60,2769.73,538.53,34.67,3.51,1.07,50.00
2023/10/25T10:51:08z,8:3a:8d:cb:2e:29,7.04,3.0+OPENLOG+15931 MB+RV3028+BME68X+PMSX003-A+PMSX003-B,91,29,55,1006.80,0.02,25608,0,1180,51.53,71.71,73.74,34.38,50.02,61.40,160,138,7967.64,2377.97,452.21,23.98,2.95,0.93,56.11,80.64,83.49,36.69,53.38,65.76,164,146,9056.29,2666.16,514.69,32.87,3.82,0.93,50.00
2023/10/25T10:52:48z,8:3a:8d:cb:2e:29,7.04,3.0+OPENLOG+15931 MB+RV3028+BME68X+PMSX003-A+PMSX003-B,91,29,54,1006.79,nan,26352,0,100,49.60,69.00,70.82,33.56,49.09,59.91,158,136,7733.33,2306.84,423.91,24.31,2.62,1.42,53.93,78.90,81.66,35.37,52.54,65.00,163,144,8851.76,2598.37,515.24,30.51,3.68,0.71,nan
2023/10/25T10:54:48z,8:3a:8d:cb:2e:29,7.04,3.0+OPENLOG+15931 MB+RV3028+BME68X+PMSX003-A+PMSX003-B,91,29,54,1006.80,0.02,26264,0,220,47.91,65.79,67.79,33.10,47.86,58.19,157,133,7451.90,2227.90,395.64,19.31,3.16,1.16,53.84,77.62,78.93,35.21,52.00,63.54,163,143,8726.89,2561.86,494.80,29.86,1.82,0.62,50.00
2023/10/25T10:56:48z,8:3a:8d:cb:2e:29,7.04,3.0+OPENLOG+15931 MB+RV3028+BME68X+PMSX003-A+PMSX003-B,90,29,53,1006.84,0.02,26264,0,340,46.64,65.47,68.36,32.56,47.42,58.18,156,131,7325.13,2186.85,419.62,25.71,3.89,1.87,52.55,76.68,78.08,34.60,51.73,63.12,162,142,8661.65,2529.08,484.73,31.45,1.52,1.00,50.00
2023/10/25T10:58:48z,8:3a:8d:cb:2e:29,7.04,3.0+OPENLOG+15931 MB+RV3028+BME68X+PMSX003-A+PMSX003-B,90,29,53,1006.81,0.02,26264,0,460,44.96,63.91,65.95,32.05,47.11,57.27,156,131,7056.49,2085.67,416.04,20.15,3.22,0.58,52.07,75.73,77.79,34.59,51.57,63.20,162,142,8507.57,2494.29,484.95,30.11,2.20,0.73,50.00
2023/10/25T11:00:48z,8:3a:8d:cb:2e:29,7.04,3.0+OPENLOG+15931 MB+RV3028+BME68X+PMSX003-A+PMSX003-B,90,28,52,1007.33,0.02,26264,0,580,44.95,60.88,62.68,32.28,46.00,55.51,154,128,6941.68,2064.47,379.51,15.96,2.51,0.96,52.80,76.34,78.21,34.79,51.68,63.29,162,142,8541.64,2511.12,464.20,32.16,2.32,0.77,50.00
2023/10/25T11:02:48z,8:3a:8d:cb:2e:29,7.04,3.0+OPENLOG+15931 MB+RV3028+BME68X+PMSX003-A+PMSX003-B,90,28,53,1006.83,0.02,26264,0,700,45.67,63.78,66.45,32.41,46.98,57.50,156,130,7081.76,2124.21,407.47,23.79,3.69,2.22,50.20,73.07,75.29,33.75,50.32,61.89,160,139,8193.59,2407.96,463.73,30.89,2.52,0.91,50.00
2023/10/25T11:04:48z,8:3a:8d:cb:2e:29,7.04,3.0+OPENLOG+15931 MB+RV3028+BME68X+PMSX003-A+PMSX003-B,90,28,52,1006.82,0.02,25640,0,820,44.40,61.96,63.53,31.70,46.23,55.79,155,129,6856.26,2045.72,381.82,24.40,2.19,0.82,51.30,71.68,73.62,34.07,49.98,61.25,160,138,8204.25,2423.70,449.64,20.93,2.75,0.80,50.00
2023/10/25T11:06:48z,8:3a:8d:cb:2e:29,7.04,3.0+OPENLOG+15931 MB+RV3028+BME68X+PMSX003-A+PMSX003-B,90,28,52,1006.83,0.02,25328,0,940,43.93,61.14,62.98,31.71,46.09,55.74,154,128,6789.16,2037.17,384.43,17.91,2.69,1.33,49.49,70.10,72.14,33.97,49.68,60.63,159,137,8031.46,2351.95,441.76,22.14,3.20,0.71,50.00
2023/10/25T11:08:48z,8:3a:8d:cb:2e:29,7.04,3.0+OPENLOG+15931 MB+RV3028+BME68X+PMSX003-A+PMSX003-B,89,28,51,1006.84,0.02,26264,0,1060,43.56,61.53,62.40,31.56,46.09,55.25,154,128,6880.00,2047.07,377.60,20.07,1.02,0.47,48.91,71.12,72.63,33.44,49.79,60.63,159,137,7961.42,2349.63,441.35,29.25,1.86,0.82,50.00
2023/10/25T11:10:48z,8:3a:8d:cb:2e:29,7.04,3.0+OPENLOG+15931 MB+RV3028+BME68X+PMSX003-A+PMSX003-B,89,27,51,1006.82,0.02,26264,0,1180,48.43,67.00,68.34,33.31,48.19,58.53,157,133,7559.17,2245.74,412.36,21.55,2.38,0.64,51.52,74.70,76.43,34.05,50.79,62.12,161,140,8351.41,2470.54,460.61,36.18,2.27,0.30,50.00
2023/10/25T11:12:30z,8:3a:8d:cb:2e:29,7.04,3.0+OPENLOG+15931 MB+RV3028+BME68X+PMSX003-A+PMSX003-B,89,28,52,1006.86,nan,26352,0,100,47.84,66.77,69.14,32.89,47.91,58.84,157,133,7539.00,2253.05,414.75,20.95,3.25,1.34,52.00,78.68,81.39,34.41,52.22,64.76,163,143,8549.56,2512.78,487.07,46.00,3.15,1.63,nan
2023/10/25T11:14:30z,8:3a:8d:cb:2e:29,7.04,3.0+OPENLOG+15931 MB+RV3028+BME68X+PMSX003-A+PMSX003-B,89,27,51,1006.91,0.02,26264,0,220,48.76,68.47,70.33,33.22,48.81,59.48,158,135,7575.88,2274.00,421.78,27.47,2.48,1.38,51.91,74.86,77.16,34.38,50.96,62.61,161,140,8653.18,2512.68,477.50,24.75,3.12,0.71,50.00
2023/10/25T11:16:30z,8:3a:8d:cb:2e:29,7.04,3.0+OPENLOG+15931 MB+RV3028+BME68X+PMSX003-A+PMSX003-B,89,27,51,1006.90,0.02,26264,0,340,48.98,68.91,70.30,33.60,49.11,59.61,158,136,7561.26,2278.56,438.67,22.96,2.07,1.00,51.82,76.47,77.81,34.21,51.54,63.04,162,142,8482.84,2492.61,478.68,33.09,1.98,0.30,50.00
2023/10/25T11:18:30z,8:3a:8d:cb:2e:29,7.04,3.0+OPENLOG+15931 MB+RV3028+BME68X+PMSX003-A+PMSX003-B,89,27,51,1006.91,0.02,26264,0,460,48.96,69.57,71.74,33.48,49.33,60.33,159,136,7625.50,2280.31,429.39,29.15,3.39,1.52,52.02,75.28,77.31,34.31,51.14,62.69,161,141,8469.67,2500.05,478.03,28.91,2.43,0.38,50.00
2023/10/25T11:20:30z,8:3a:8d:cb:2e:29,7.04,3.0+OPENLOG+15931 MB+RV3028+BME68X+PMSX003-A+PMSX003-B,90,27,51,1006.92,0.02,26264,0,580,51.54,71.76,74.53,34.42,50.00,61.73,160,138,7985.24,2398.00,451.27,22.12,3.95,1.81,55.39,81.07,83.51,36.22,53.42,65.56,164,146,9096.15,2668.81,532.25,28.81,3.27,1.15,50.00
2023/10/25T11:22:30z,8:3a:8d:cb:2e:29,7.04,3.0+OPENLOG+15931 MB+RV3028+BME68X+PMSX003-A+PMSX003-B,90,27,51,1006.95,0.02,26264,0,700,54.29,75.71,78.26,35.57,51.47,63.40,162,141,8421.31,2521.69,472.53,26.22,3.76,1.41,56.69,81.89,83.73,37.07,54.16,65.95,165,148,9255.87,2707.91,506.40,32.84,2.31,0.95,50.00
2023/10/25T11:24:30z,8:3a:8d:cb:2e:29,7.04,3.0+OPENLOG+15931 MB+RV3028+BME68X+PMSX003-A+PMSX003-B,90,27,51,1006.98,0.02,26264,0,820,52.64,75.42,78.27,34.78,51.29,63.40,162,141,8277.93,2462.09,478.65,32.82,4.24,1.93,56.65,82.33,84.72,36.93,54.30,66.32,165,148,9239.26,2699.67,505.33,39.75,2.91,0.39,50.00
2023/10/25T11:26:30z,8:3a:8d:cb:2e:29,7.04,3.0+OPENLOG+15931 MB+RV3028+BME68X+PMSX003-A+PMSX003-B,90,27,51,1006.99,0.02,26264,0,940,51.36,73.80,76.45,34.34,50.84,62.50,161,140,8123.20,2421.52,468.88,28.57,3.93,1.62,55.16,80.68,83.59,36.14,53.54,65.95,164,146,9049.82,2650.52,510.02,35.41,3.68,1.09,50.00
2023/10/25T11:28:30z,8:3a:8d:cb:2e:29,7.04,3.0+OPENLOG+15931 MB+RV3028+BME68X+PMSX003-A+PMSX003-B,90,26,51,1007.00,0.02,25640,0,1060,53.54,76.04,79.36,35.18,51.62,64.05,162,142,8238.27,2472.82,476.77,34.02,5.00,1.79,55.07,78.81,81.98,35.89,52.33,64.95,163,143,8960.21,2625.30,502.00,27.54,4.09,0.93,50.00
2023/10/25T11:30:30z,8:3a:8d:cb:2e:29,7.04,3.0+OPENLOG+15931 MB+RV3028+BME68X+PMSX003-A+PMSX003-B,90,26,51,1007.00,0.02,26264,0,1180,53.09,74.25,77.89,35.02,51.07,63.25,161,140,8300.05,2472.96,459.56,27.44,5.30,1.96,55.95,80.44,83.44,36.47,53.18,65.53,164,146,9199.15,2691.07,494.29,32.64,4.35,1.69,50.00
2023/10/25T11:32:10z,8:3a:8d:cb:2e:29,7.04,3.0+OPENLOG+15931 MB+RV3028+BME68X+PMSX003-A+PMSX003-B,90,27,51,1007.00,nan,26352,0,100,52.16,74.50,77.02,34.66,51.11,62.86,161,140,8091.27,2428.77,476.70,29.02,3.75,1.68,56.29,82.24,84.51,36.83,54.20,66.12,165,148,9034.90,2677.00,506.05,38.95,2.37,1.32,nan
2023/10/25T11:34:10z,8:3a:8d:cb:2e:29,7.04,3.0+OPENLOG+15931 MB+RV3028+BME68X+PMSX003-A+PMSX003-B,90,26,51,1007.02,0.02,26264,0,220,51.46,74.47,77.28,34.35,51.04,62.84,161,140,8056.05,2408.95,462.79,34.11,4.30,1.74,55.72,84.30,86.11,36.43,55.52,67.06,166,151,9117.50,2677.69,538.98,42.65,2.44,0.46,50.00
2023/10/25T11:36:10z,8:3a:8d:cb:2e:29,7.04,3.0+OPENLOG+15931 MB+RV3028+BME68X+PMSX003-A+PMSX003-B,90,26,51,1007.03,0.02,26264,0,340,50.57,71.88,73.84,34.11,50.23,61.32,160,138,7929.21,2361.96,444.00,25.45,3.16,0.88,54.85,80.02,83.61,35.76,53.03,65.76,164,145,8926.78,2631.58,514.81,38.07,5.25,1.93,50.00
2023/10/25T11:38:10z,8:3a:8d:cb:2e:29,7.04,3.0+OPENLOG+15931 MB+RV3028+BME68X+PMSX003-A+PMSX003-B,90,26,50,1007.03,0.02,26264,0,460,50.60,71.51,73.79,34.07,49.86,61.28,160,137,7836.58,2357.28,451.28,26.05,3.23,1.30,53.82,79.23,81.25,35.25,52.61,64.68,163,144,8758.47,2573.51,513.25,32.51,2.53,0.98,50.00
2023/10/25T11:40:10z,8:3a:8d:cb:2e:29,7.04,3.0+OPENLOG+15931 MB+RV3028+BME68X+PMSX003-A+PMSX003-B,90,26,50,1007.01,0.02,26264,0,580,50.73,74.04,77.64,33.95,50.55,62.89,161,139,8022.16,2394.36,478.07,36.38,5.07,2.25,53.98,78.88,81.16,35.32,52.57,64.77,163,144,8770.34,2575.68,501.88,34.59,2.12,1.09,50.00
2023/10/25T11:42:10z,8:3a:8d:cb:2e:29,7.04,3.0+OPENLOG+15931 MB+RV3028+BME68X+PMSX003-A+PMSX003-B,90,25,50,1007.06,0.02,26264,0,700,50.23,71.53,73.77,34.05,50.14,61.46,160,138,7829.37,2343.32,441.23,30.79,2.91,1.75,53.80,77.49,80.87,35.33,52.11,64.64,163,143,8639.18,2546.96,475.82,32.02,4.11,1.58,50.00
2023/10/25T11:44:10z,8:3a:8d:cb:2e:29,7.04,3.0+OPENLOG+15931 MB+RV3028+BME68X+PMSX003-A+PMSX003-B,90,25,50,1007.06,0.02,26264,0,820,50.33,69.67,72.37,33.93,49.35,60.72,159,136,7723.58,2322.25,428.89,26.07,3.95,1.84,52.02,75.63,77.72,34.39,51.30,62.96,162,141,8496.42,2495.11,482.19,30.30,2.47,1.18,50.00
2023/10/25T11:46:10z,8:3a:8d:cb:2e:29,7.04,3.0+OPENLOG+15931 MB+RV3028+BME68X+PMSX003-A+PMSX003-B,90,25,50,1007.08,0.02,26264,0,940,49.11,68.95,71.26,33.61,49.16,60.09,158,136,7674.42,2289.70,428.74,25.00,3.07,1.28,52.47,76.03,79.07,34.75,51.64,63.68,162,142,8520.81,2511.61,482.02,34.36,3.88,1.68,50.00
2023/10/25T11:48:10z,8:3a:8d:cb:2e:29,7.04,3.0+OPENLOG+15931 MB+RV3028+BME68X+PMSX003-A+PMSX003-B,90,25,50,1007.16,0.02,26264,0,1060,48.55,69.62,73.13,33.31,49.29,60.87,159,136,7587.33,2263.45,436.58,32.69,4.73,2.60,52.38,74.98,76.53,34.69,51.12,62.57,161,140,8518.60,2485.97,485.90,24.31,2.07,0.38,50.00
2023/10/25T11:50:10z,8:3a:8d:cb:2e:29,7.04,3.0+OPENLOG+15931 MB+RV3028+BME68X+PMSX003-A+PMSX003-B,91,25,51,1007.13,0.02,26264,0,1180,47.83,68.49,71.27,32.93,48.78,60.00,158,135,7584.56,2256.14,431.10,26.92,3.78,1.90,52.28,76.32,78.42,34.63,51.75,63.54,162,142,8467.32,2491.65,481.46,32.81,2.28,0.61,50.00
2023/10/25T11:51:50z,8:3a:8d:cb:2e:29,7.04,3.0+OPENLOG+15931 MB+RV3028+BME68X+PMSX003-A+PMSX003-B,90,25,50,1007.12,nan,26352,0,100,48.42,67.64,72.38,33.11,48.36,60.38,158,134,7572.13,2270.93,428.51,28.47,6.96,3.44,51.44,73.86,76.49,34.42,50.93,62.56,161,140,8348.37,2459.86,471.33,28.00,2.63,1.35,nan
2023/10/25T11:53:50z,8:3a:8d:cb:2e:29,7.04,3.0+OPENLOG+15931 MB+RV3028+BME68X+PMSX003-A+PMSX003-B,91,25,50,1007.12,0.02,26264,0,220,47.53,68.42,71.00,32.98,48.82,60.02,158,135,7460.00,2226.18,425.61,29.39,3.42,2.37,49.78,73.56,76.22,33.67,50.65,62.20,161,139,8178.56,2411.02,466.52,34.13,3.11,0.59,50.00
2023/10/25T11:55:50z,8:3a:8d:cb:2e:29,7.04,3.0+OPENLOG+15931 MB+RV3028+BME68X+PMSX003-A+PMSX003-B,91,25,50,1007.13,0.02,26264,0,340,46.45,65.09,67.39,32.43,47.21,57.91,156,131,7320.96,2172.41,410.21,25.07,3.39,1.23,51.00,75.60,77.88,34.14,51.33,63.16,162,141,8334.53,2456.00,470.04,38.00,2.82,1.30,50.00
2023/10/25T11:57:50z,8:3a:8d:cb:2e:29,7.04,3.0+OPENLOG+15931 MB+RV3028+BME68X+PMSX003-A+PMSX003-B,91,25,50,1007.18,0.02,26264,0,460,47.15,66.38,68.07,33.00,48.16,58.42,157,133,7315.96,2182.64,406.40,27.40,2.49,1.02,50.78,75.05,76.95,34.12,51.19,62.72,161,141,8329.97,2447.86,478.97,32.14,2.36,0.78,50.00
2023/10/25T11:59:50z,8:3a:8d:cb:2e:29,7.04,3.0+OPENLOG+15931 MB+RV3028+BME68X+PMSX003-A+PMSX003-B,91,25,50,1007.17,0.02,26264,0,580,46.82,68.84,72.04,32.75,49.02,60.54,158,135,7421.30,2220.02,446.68,32.48,4.73,2.02,49.62,72.77,74.41,33.68,50.39,61.59,160,139,8038.88,2374.14,465.21,30.71,2.34,0.82,50.00
2023/10/25T12:01:50z,8:3a:8d:cb:2e:29,7.04,3.0+OPENLOG+15931 MB+RV3028+BME68X+PMSX003-A+PMSX003-B,91,25,50,1007.20,0.02,26264,0,700,46.58,65.98,68.42,32.75,47.98,58.55,157,133,7306.90,2191.98,412.97,25.13,3.80,1.15,49.53,71.35,73.13,33.85,50.11,61.20,159,138,8031.60,2352.80,451.33,27.89,2.38,0.53,50.00
2023/10/25T12:03:50z,8:3a:8d:cb:2e:29,7.04,3.0+OPENLOG+15931 MB+RV3028+BME68X+PMSX003-A+PMSX003-B,91,24,50,1007.21,0.02,26264,0,820,45.49,66.42,69.49,32.11,47.89,59.11,157,133,7165.75,2150.13,410.47,33.29,4.20,1.98,49.05,71.30,73.41,33.57,49.91,61.21,159,138,7956.27,2351.12,450.70,28.62,2.66,0.79,50.00
2023/10/25T12:05:50z,8:3a:8d:cb:2e:29,7.04,3.0+OPENLOG+15931 MB+RV3028+BME68X+PMSX003-A+PMSX003-B,91,24,50,1007.22,0.02,26264,0,940,44.21,62.71,64.09,31.77,46.57,56.34,155,129,6973.18,2076.73,404.61,18.88,2.04,0.59,49.05,71.78,73.64,33.71,50.16,61.29,160,138,8058.83,2359.93,455.84,28.78,1.90,1.10,50.00
2023/10/25T12:07:50z,8:3a:8d:cb:2e:29,7.04,3.0+OPENLOG+15931 MB+RV3028+BME68X+PMSX003-A+PMSX003-B,91,24,49,1007.28,0.02,26264,0,1060,45.00,63.79,67.21,32.07,47.04,57.91,156,130,7050.16,2093.40,386.56,30.37,5.00,2.42,48.47,70.10,71.50,33.33,49.53,60.28,159,137,7881.93,2319.41,448.29,26.62,1.50,0.91,50.00
2023/10/25T12:09:50z,8:3a:8d:cb:2e:29,7.04,3.0+OPENLOG+15931 MB+RV3028+BME68X+PMSX003-A+PMSX003-B,91,25,50,1007.25,0.02,26264,0,1180,43.74,62.93,65.95,31.62,46.66,57.21,155,130,6925.66,2069.81,405.78,26.10,4.55,2.10,48.81,70.19,71.87,33.56,49.52,60.43,159,137,8006.22,2352.20,455.72,24.80,2.17,0.74,50.00
2023/10/25T12:11:31z,8:3a:8d:cb:2e:29,7.04,3.0+OPENLOG+15931 MB+RV3028+BME68X+PMSX003-A+PMSX003-B,91,25,50,1007.25,nan,26352,0,100,44.50,62.39,63.95,31.89,46.32,56.14,155,129,6903.95,2062.20,380.30,24.70,2.14,1.05,48.86,71.26,74.10,33.38,49.81,61.40,159,137,7938.57,2317.52,445.67,35.52,3.26,1.43,nan
2023/10/25T12:13:31z,8:3a:8d:cb:2e:29,7.04,3.0+OPENLOG+15931 MB+RV3028+BME68X+PMSX003-A+PMSX003-B,91,25,50,1007.28,0.02,26264,0,220,45.14,63.72,66.02,32.07,46.90,57.24,155,130,7073.84,2107.81,398.22,25.28,3.43,1.09,49.47,71.73,74.58,33.51,49.95,61.62,160,138,7945.96,2353.76,455.33,34.02,3.40,1.22,50.00
2023/10/25T12:15:31z,8:3a:8d:cb:2e:29,7.04,3.0+OPENLOG+15931 MB+RV3028+BME68X+PMSX003-A+PMSX003-B,91,25,50,1007.30,0.02,26264,0,340,44.54,63.88,66.50,31.86,47.07,57.55,156,131,6976.12,2086.16,401.64,29.14,3.55,1.50,49.05,69.98,72.70,33.67,49.47,60.79,159,136,7970.00,2341.04,430.81,29.47,2.75,0.89,50.00
2023/10/25T12:17:31z,8:3a:8d:cb:2e:29,7.04,3.0+OPENLOG+15931 MB+RV3028+BME68X+PMSX003-A+PMSX003-B,91,25,50,1007.28,0.02,26264,0,460,45.75,66.09,68.82,32.42,47.85,58.73,157,132,7144.75,2150.42,408.36,30.85,3.65,2.09,48.34,70.79,73.03,33.29,49.86,61.00,159,137,7880.59,2313.72,450.69,33.90,2.12,0.69,50.00
2023/10/25T12:19:31z,8:3a:8d:cb:2e:29,7.04,3.0+OPENLOG+15931 MB+RV3028+BME68X+PMSX003-A+PMSX003-B,91,25,50,1007.32,0.02,26264,0,580,46.02,63.14,65.34,32.74,46.86,56.93,155,130,7128.10,2133.60,390.66,22.90,3.10,1.93,48.18,69.61,71.63,33.30,49.49,60.44,159,137,7785.89,2288.21,436.00,29.35,2.53,0.49,50.00
2023/10/25T12:21:31z,8:3a:8d:cb:2e:29,7.04,3.0+OPENLOG+15931 MB+RV3028+BME68X+PMSX003-A+PMSX003-B,91,25,50,1007.29,0.02,26264,0,700,45.64,65.64,67.98,32.50,47.75,58.30,156,132,7176.75,2138.98,404.29,30.18,3.54,1.64,48.25,71.33,73.82,33.18,49.91,61.25,159,138,7923.74,2333.39,444.93,34.58,2.47,1.05,50.00
2023/10/25T12:23:31z,8:3a:8d:cb:2e:29,7.04,3.0+OPENLOG+15931 MB+RV3028+BME68X+PMSX003-A+PMSX003-B,91,25,50,1007.26,0.02,26264,0,820,43.32,62.25,64.75,31.35,46.37,56.46,155,129,6861.42,2047.86,396.84,25.58,3.39,1.81,47.58,69.40,71.09,32.79,49.02,59.84,158,135,7755.74,2272.32,439.02,31.37,1.89,0.46,50.00
2023/10/25T12:25:31z,8:3a:8d:cb:2e:29,7.04,3.0+OPENLOG+15931 MB+RV3028+BME68X+PMSX003-A+PMSX003-B,91,25,50,1007.31,0.02,26264,0,940,44.49,62.14,64.88,31.68,46.04,56.51,155,128,6917.68,2072.44,387.28,22.54,4.28,1.49,47.07,68.91,70.98,32.79,48.93,59.95,158,135,7706.26,2269.44,440.82,29.79,2.30,1.14,50.00
2023/10/25T12:27:31z,8:3a:8d:cb:2e:29,7.04,3.0+OPENLOG+15931 MB+RV3028+BME68X+PMSX003-A+PMSX003-B,91,25,50,1007.30,0.02,26264,0,1060,43.79,62.48,66.69,31.55,46.43,57.64,155,129,6890.69,2074.66,390.95,26.81,6.52,2.17,47.86,69.44,71.46,33.05,49.16,60.09,158,136,7744.21,2276.05,435.89,29.84,2.46,0.68,50.00
2023/10/25T12:29:31z,8:3a:8d:cb:2e:29,7.04,3.0+OPENLOG+15931 MB+RV3028+BME68X+PMSX003-A+PMSX003-B,91,25,50,1007.33,0.02,26264,0,1180,44.79,65.03,67.10,31.98,47.52,57.78,156,132,7057.45,2109.71,398.05,32.21,2.76,1.21,48.31,71.48,73.35,33.11,49.87,61.07,160,137,7889.11,2331.89,447.26,31.59,2.06,1.04,50.00
2023/10/25T12:31:11z,8:3a:8d:cb:2e:29,7.04,3.0+OPENLOG+15931 MB+RV3028+BME68X+PMSX003-A+PMSX003-B,91,25,51,1007.31,nan,26352,0,100,45.13,62.22,64.24,32.11,46.24,56.20,155,129,6991.07,2093.87,385.80,21.49,2.96,1.42,47.40,69.23,71.00,33.02,49.16,60.02,158,136,7759.95,2268.91,432.30,31.47,2.09,0.58,nan
2023/10/25T12:33:11z,8:3a:8d:cb:2e:29,7.04,3.0+OPENLOG+15931 MB+RV3028+BME68X+PMSX003-A+PMSX003-B,91,25,51,1007.31,0.02,26264,0,220,43.81,62.95,65.76,31.64,46.76,57.14,155,130,6944.28,2065.40,384.64,27.72,4.02,2.31,47.49,70.38,72.51,32.89,49.42,60.65,159,136,7747.31,2280.69,448.27,34.20,2.58,0.80,50.00
2023/10/25T12:35:11z,8:3a:8d:cb:2e:29,7.04,3.0+OPENLOG+15931 MB+RV3028+BME68X+PMSX003-A+PMSX003-B,91,25,51,1007.33,0.02,26264,0,340,46.14,64.64,67.90,32.59,47.55,58.33,156,132,7248.83,2148.81,407.33,23.93,3.98,2.95,49.02,70.95,73.23,33.60,49.86,61.09,159,137,7994.79,2339.44,451.56,28.79,3.26,0.86,50.00
2023/10/25T12:37:11z,8:3a:8d:cb:2e:29,7.04,3.0+OPENLOG+15931 MB+RV3028+BME68X+PMSX003-A+PMSX003-B,92,25,51,1007.31,0.02,26264,0,460,48.15,70.75,75.07,33.36,49.84,61.93,159,137,7590.16,2267.05,446.09,36.89,5.67,2.89,52.58,77.59,80.00,34.69,52.14,64.12,163,143,8551.63,2514.19,486.31,34.97,3.02,1.53,50.00
2023/10/25T12:39:11z,8:3a:8d:cb:2e:29,7.04,3.0+OPENLOG+15931 MB+RV3028+BME68X+PMSX003-A+PMSX003-B,91,25,51,1007.66,0.02,26264,0,580,49.76,70.72,73.52,33.86,49.79,61.24,159,137,7719.26,2315.71,436.86,30.55,3.57,2.36,53.04,77.24,79.40,35.00,52.04,63.93,162,143,8556.98,2518.67,484.64,31.56,2.60,1.11,50.00
2023/10/25T12:41:11z,8:3a:8d:cb:2e:29,7.04,3.0+OPENLOG+15931 MB+RV3028+BME68X+PMSX003-A+PMSX003-B,92,25,51,1007.34,0.02,26264,0,700,49.07,68.79,72.98,33.43,48.93,60.86,158,135,7613.48,2273.41,425.52,30.57,5.98,3.29,51.98,76.02,79.95,34.57,51.55,64.20,162,142,8520.27,2491.48,487.21,35.89,5.04,2.18,50.00
2023/10/25T12:43:11z,8:3a:8d:cb:2e:29,7.04,3.0+OPENLOG+15931 MB+RV3028+BME68X+PMSX003-A+PMSX003-B,92,25,51,1007.35,0.02,26264,0,820,49.36,71.95,77.00,33.54,50.09,62.66,160,138,7711.71,2316.38,445.07,42.14,6.82,3.93,52.08,76.03,78.56,34.66,51.58,63.42,162,142,8480.19,2498.81,474.81,33.73,3.41,1.53,50.00
2023/10/25T12:45:11z,8:3a:8d:cb:2e:29,7.04,3.0+OPENLOG+15931 MB+RV3028+BME68X+PMSX003-A+PMSX003-B,91,25,50,1007.35,0.02,26264,0,940,47.36,68.91,71.34,32.70,48.75,59.89,158,135,7505.46,2237.82,434.75,31.82,3.45,1.86,52.00,76.35,78.86,34.51,51.75,63.68,162,142,8516.00,2494.44,496.53,32.42,3.04,0.81,50.00
2023/10/25T12:47:11z,8:3a:8d:cb:2e:29,7.04,3.0+OPENLOG+15931 MB+RV3028+BME68X+PMSX003-A+PMSX003-B,91,25,51,1007.37,0.02,26264,0,1060,47.86,69.74,72.79,33.17,49.53,60.90,159,137,7504.40,2249.97,430.93,36.52,4.14,2.45,52.79,76.93,79.45,34.95,51.86,63.88,162,142,8589.16,2524.62,483.03,32.98,2.88,1.07,50.00
2023/10/25T12:49:11z,8:3a:8d:cb:2e:29,7.04,3.0+OPENLOG+15931 MB+RV3028+BME68X+PMSX003-A+PMSX003-B,91,25,50,1007.35,0.02,26264,0,1180,47.14,68.69,71.66,32.60,48.81,60.14,158,135,7498.09,2251.88,441.76,28.21,4.28,2.19,53.56,77.25,80.07,35.25,52.07,64.15,162,143,8576.07,2527.53,487.09,34.84,3.51,1.49,50.06
2023/10/25T12:50:52z,8:3a:8d:cb:2e:29,7.04,3.0+OPENLOG+15931 MB+RV3028+BME68X+PMSX003-A+PMSX003-B,91,25,51,1007.40,nan,26352,0,100,47.18,67.38,70.84,33.09,48.67,59.82,157,134,7413.33,2218.33,432.96,24.13,4.18,2.78,50.40,73.64,75.60,33.98,50.81,62.19,161,140,8242.07,2406.07,475.43,30.26,2.26,0.83,nan
2023/10/25T12:52:52z,8:3a:8d:cb:2e:29,7.04,3.0+OPENLOG+15931 MB+RV3028+BME68X+PMSX003-A+PMSX003-B,91,25,50,1007.40,0.02,26264,0,220,46.67,66.66,70.91,32.78,48.14,60.00,157,133,7360.19,2204.90,420.22,27.67,6.34,2.19,50.13,73.49,75.43,33.83,50.75,62.02,161,140,8176.13,2409.83,460.91,31.51,2.47,0.43,50.00
2023/10/25T12:54:52z,8:3a:8d:cb:2e:29,7.04,3.0+OPENLOG+15931 MB+RV3028+BME68X+PMSX003-A+PMSX003-B,91,25,50,1007.39,0.02,26264,0,340,48.59,69.70,73.32,33.41,49.30,61.14,159,136,7607.25,2279.16,426.61,34.98,4.93,2.80,51.70,76.02,78.40,34.33,51.46,63.47,162,141,8383.16,2466.28,493.30,35.84,2.77,0.61,50.00
2023/10/25T12:56:52z,8:3a:8d:cb:2e:29,7.04,3.0+OPENLOG+15931 MB+RV3028+BME68X+PMSX003-A+PMSX003-B,91,25,50,1007.39,0.02,26264,0,460,47.20,67.64,71.95,33.02,48.59,60.30,158,134,7475.89,2223.02,418.07,30.46,6.07,3.45,50.33,75.79,78.07,33.96,51.51,63.26,162,141,8273.42,2429.47,489.72,35.96,2.95,1.12,50.00
2023/10/25T12:58:52z,8:3a:8d:cb:2e:29,7.04,3.0+OPENLOG+15931 MB+RV3028+BME68X+PMSX003-A+PMSX003-B,92,24,51,1007.41,0.02,26264,0,580,46.55,67.66,71.41,32.71,48.62,60.20,158,134,7319.36,2190.02,422.00,35.14,5.52,2.80,51.44,74.95,77.36,34.36,51.13,62.91,161,141,8243.62,2444.53,477.31,32.38,2.56,1.35,50.00
2023/10/25T13:00:52z,8:3a:8d:cb:2e:29,7.04,3.0+OPENLOG+15931 MB+RV3028+BME68X+PMSX003-A+PMSX003-B,91,24,50,1007.42,0.02,26264,0,700,47.49,66.79,69.61,33.04,48.19,59.23,157,133,7296.42,2189.56,405.09,27.61,4.19,1.88,51.05,73.39,76.14,34.11,50.64,62.36,160,139,8264.46,2433.45,475.09,25.48,3.86,1.21,50.00
2023/10/25T13:02:52z,8:3a:8d:cb:2e:29,7.04,3.0+OPENLOG+15931 MB+RV3028+BME68X+PMSX003-A+PMSX003-B,92,25,51,1007.43,0.02,26264,0,820,46.57,66.98,69.84,32.78,48.22,59.38,157,133,7301.07,2184.72,410.86,31.41,4.31,1.95,49.84,73.77,76.61,33.81,50.72,62.58,161,140,8111.16,2398.21,479.40,31.68,3.37,1.07,50.00
2023/10/25T13:04:52z,8:3a:8d:cb:2e:29,7.04,3.0+OPENLOG+15931 MB+RV3028+BME68X+PMSX003-A+PMSX003-B,92,25,51,1007.44,0.02,26264,0,940,46.93,68.26,71.59,33.04,48.91,60.28,158,135,7308.56,2176.31,424.94,33.28,4.67,2.52,50.22,73.47,76.53,33.97,50.78,62.59,161,140,8269.34,2420.67,466.19,32.22,4.60,0.86,50.00
2023/10/25T13:06:52z,8:3a:8d:cb:2e:29,7.04,3.0+OPENLOG+15931 MB+RV3028+BME68X+PMSX003-A+PMSX003-B,92,24,50,1007.48,0.02,26264,0,1060,45.79,65.19,68.97,32.33,47.43,58.79,156,131,7182.83,2136.98,404.05,30.72,5.29,2.40,48.89,70.60,72.89,33.37,49.61,60.95,159,137,7948.63,2331.09,442.47,25.18,3.39,1.49,50.00
2023/10/25T13:08:52z,8:3a:8d:cb:2e:29,7.04,3.0+OPENLOG+15931 MB+RV3028+BME68X+PMSX003-A+PMSX003-B,92,24,50,1007.51,0.02,25640,0,1180,46.32,65.10,68.49,32.31,47.25,58.41,156,131,7296.76,2186.22,425.81,23.24,4.86,2.66,48.87,71.33,74.57,33.28,49.74,61.67,159,137,8013.83,2360.56,444.72,32.09,4.26,1.44,50.10
2023/10/25T13:10:32z,8:3a:8d:cb:2e:29,7.04,3.0+OPENLOG+15931 MB+RV3028+BME68X+PMSX003-A+PMSX003-B,92,25,51,1007.57,nan,26352,0,100,46.30,64.74,67.00,32.33,47.22,57.67,156,131,7201.76,2161.83,412.04,20.89,3.07,1.89,50.34,71.07,72.78,33.93,49.98,60.95,159,138,8000.41,2364.24,431.49,25.66,2.66,1.15,nan
2023/10/25T13:12:32z,8:3a:8d:cb:2e:29,7.04,3.0+OPENLOG+15931 MB+RV3028+BME68X+PMSX003-A+PMSX003-B,92,24,50,1007.55,0.02,25952,0,220,45.83,66.86,70.19,32.52,48.26,59.55,157,133,7132.86,2149.12,422.93,33.95,4.52,2.67,49.61,72.18,73.88,33.82,50.38,61.38,160,139,7972.02,2357.80,463.50,29.21,2.57,0.55,50.00
2023/10/25T13:14:32z,8:3a:8d:cb:2e:29,7.04,3.0+OPENLOG+15931 MB+RV3028+BME68X+PMSX003-A+PMSX003-B,92,24,50,1007.62,0.02,26264,0,340,45.12,64.30,67.07,32.34,47.36,57.91,156,131,7014.96,2105.71,404.50,26.16,4.12,2.09,47.14,70.03,72.52,32.66,49.33,60.76,159,136,7782.72,2284.74,446.57,32.12,3.34,0.98,50.00
2023/10/25T13:16:32z,8:3a:8d:cb:2e:29,7.04,3.0+OPENLOG+15931 MB+RV3028+BME68X+PMSX003-A+PMSX003-B,92,24,50,1007.61,0.02,26264,0,460,45.32,65.92,68.06,32.13,47.91,58.36,157,133,7126.98,2131.36,426.34,28.83,3.26,1.45,48.47,70.12,72.47,33.28,49.47,60.70,159,136,7842.95,2311.49,440.46,31.93,2.75,0.79,50.00
2023/10/25T13:18:32z,8:3a:8d:cb:2e:29,7.04,3.0+OPENLOG+15931 MB+RV3028+BME68X+PMSX003-A+PMSX003-B,91,25,50,1007.67,0.02,26264,0,580,46.21,66.30,68.47,32.72,48.12,58.72,157,133,7122.63,2141.75,407.14,29.68,3.44,1.63,48.38,70.79,73.71,33.43,49.75,61.45,159,137,7884.00,2321.04,444.38,32.79,3.68,1.77,50.00
2023/10/25T13:20:32z,8:3a:8d:cb:2e:29,7.04,3.0+OPENLOG+15931 MB+RV3028+BME68X+PMSX003-A+PMSX003-B,91,25,50,1007.71,0.02,26264,0,700,43.53,62.50,64.45,31.43,46.48,56.38,155,129,6887.74,2054.88,384.60,26.71,2.69,1.43,48.20,70.40,72.62,33.02,49.40,60.64,159,136,7919.62,2327.56,446.96,30.38,3.45,1.51,50.00
2023/10/25T13:22:32z,8:3a:8d:cb:2e:29,7.04,3.0+OPENLOG+15931 MB+RV3028+BME68X+PMSX003-A+PMSX003-B,91,25,50,1007.70,0.02,26264,0,820,45.21,64.91,67.95,32.05,47.35,58.16,156,131,7096.11,2123.84,400.28,30.51,4.26,3.42,48.35,70.19,73.26,33.14,49.54,61.11,159,137,7857.58,2306.30,433.75,34.68,3.75,2.21,50.00
2023/10/25T13:24:32z,8:3a:8d:cb:2e:29,7.04,3.0+OPENLOG+15931 MB+RV3028+BME68X+PMSX003-A+PMSX003-B,92,24,51,1007.70,0.02,26264,0,940,43.98,62.78,64.85,31.72,46.65,56.63,155,130,6896.11,2058.22,391.44,25.69,2.67,1.50,48.11,70.30,72.71,33.21,49.52,60.91,159,137,7878.64,2318.16,441.04,32.45,2.64,1.16,50.00
2023/10/25T13:26:32z,8:3a:8d:cb:2e:29,7.04,3.0+OPENLOG+15931 MB+RV3028+BME68X+PMSX003-A+PMSX003-B,92,25,51,1007.74,0.02,26264,0,1060,42.93,61.74,65.12,30.95,45.86,56.55,154,128,6853.86,2064.91,395.52,23.31,5.14,2.57,47.89,69.75,71.82,33.23,49.40,60.42,159,136,7767.58,2279.51,433.47,30.88,2.65,0.25,50.00
2023/10/25T13:28:32z,8:3a:8d:cb:2e:29,7.04,3.0+OPENLOG+15931 MB+RV3028+BME68X+PMSX003-A+PMSX003-B,92,25,51,1007.74,0.02,26264,0,1180,43.64,62.49,64.71,31.39,46.51,56.53,155,129,6900.05,2058.75,382.81,27.51,2.81,1.92,47.40,69.62,71.06,32.98,49.30,60.00,159,136,7702.70,2271.43,433.87,31.06,1.70,0.51,50.01
2023/10/25T13:30:13z,8:3a:8d:cb:2e:29,7.04,3.0+OPENLOG+15931 MB+RV3028+BME68X+PMSX003-A+PMSX003-B,92,25,51,1007.83,nan,26352,0,101,44.73,65.02,68.39,32.00,47.39,58.52,156,131,7052.32,2111.43,419.64,33.75,4.82,1.89,47.49,69.05,70.95,32.88,49.19,60.00,158,136,7719.49,2277.05,435.30,27.72,2.40,1.28,nan
2023/10/25T13:32:13z,8:3a:8d:cb:2e:29,7.04,3.0+OPENLOG+15931 MB+RV3028+BME68X+PMSX003-A+PMSX003-B,92,25,51,1007.79,0.02,26264,0,221,45.19,64.79,69.88,32.29,47.47,59.34,156,132,7133.79,2138.09,403.57,30.62,7.91,3.16,49.98,73.57,76.26,33.93,50.63,62.48,161,139,8143.94,2405.11,459.96,34.46,3.52,1.30,50.00
2023/10/25T13:34:13z,8:3a:8d:cb:2e:29,7.04,3.0+OPENLOG+15931 MB+RV3028+BME68X+PMSX003-A+PMSX003-B,92,25,51,1007.80,0.02,26264,0,341,46.50,66.94,70.17,32.57,48.11,59.43,157,133,7292.67,2184.06,409.85,33.37,4.35,1.98,50.21,73.74,76.28,34.00,50.84,62.46,161,140,8144.47,2404.02,460.39,32.67,3.11,1.23,50.00
2023/10/25T13:36:13z,8:3a:8d:cb:2e:29,7.04,3.0+OPENLOG+15931 MB+RV3028+BME68X+PMSX003-A+PMSX003-B,92,25,51,1007.82,0.02,26264,0,461,46.24,65.22,68.07,32.74,47.69,58.52,156,132,7158.72,2151.06,401.93,26.39,3.91,1.98,49.79,73.19,75.82,33.91,50.67,62.33,160,139,8131.84,2390.11,465.68,33.81,3.35,0.74,50.00
2023/10/25T13:38:13z,8:3a:8d:cb:2e:29,7.04,3.0+OPENLOG+15931 MB+RV3028+BME68X+PMSX003-A+PMSX003-B,92,25,51,1007.82,0.02,26264,0,581,46.53,65.66,68.03,32.57,47.62,58.26,156,132,7342.97,2182.71,409.55,25.48,3.05,1.83,49.05,68.41,70.76,33.64,48.95,59.91,158,135,7882.50,2331.59,423.47,21.10,3.31,0.33,50.00
2023/10/25T13:40:13z,8:3a:8d:cb:2e:29,7.04,3.0+OPENLOG+15931 MB+RV3028+BME68X+PMSX003-A+PMSX003-B,92,25,51,1007.87,0.02,25640,0,701,45.60,66.75,69.88,32.23,48.12,59.18,157,133,7308.21,2179.65,416.44,31.70,4.61,1.93,48.28,70.87,73.98,33.43,49.83,61.43,159,137,7900.56,2326.50,449.63,32.65,4.11,1.30,50.00
2023/10/25T13:42:13z,8:3a:8d:cb:2e:29,7.04,3.0+OPENLOG+15931 MB+RV3028+BME68X+PMSX003-A+PMSX003-B,92,25,51,1007.89,0.02,26264,0,821,46.89,66.57,69.12,32.88,48.21,58.91,157,133,7321.39,2181.96,408.77,28.84,3.38,1.77,49.88,74.04,76.64,33.89,50.98,62.61,161,140,8135.25,2399.96,462.80,37.66,3.07,1.23,50.00
2023/10/25T13:44:13z,8:3a:8d:cb:2e:29,7.04,3.0+OPENLOG+15931 MB+RV3028+BME68X+PMSX003-A+PMSX003-B,92,25,51,1007.91,0.02,26264,0,941,46.75,66.33,69.44,32.71,47.89,59.07,157,133,7373.95,2216.87,422.93,24.29,4.49,2.29,49.53,71.46,73.07,33.53,49.86,60.97,159,137,8097.25,2375.98,452.51,28.34,2.10,0.68,50.00
2023/10/25T13:46:13z,8:3a:8d:cb:2e:29,7.04,3.0+OPENLOG+15931 MB+RV3028+BME68X+PMSX003-A+PMSX003-B,92,25,51,1007.96,0.02,26264,0,1061,48.49,68.65,71.31,33.36,48.93,60.13,158,135,7551.22,2256.07,431.00,28.00,3.98,1.75,50.45,71.77,74.34,33.88,49.98,61.52,160,138,8189.73,2417.54,445.88,25.29,3.55,1.09,50.00
2023/10/25T13:48:13z,8:3a:8d:cb:2e:29,7.04,3.0+OPENLOG+15931 MB+RV3028+BME68X+PMSX003-A+PMSX003-B,92,25,51,1007.91,0.02,26264,0,1181,47.07,67.91,71.31,32.72,48.48,59.98,158,134,7364.53,2206.02,422.78,35.86,4.55,2.02,49.57,72.89,75.27,33.80,50.61,62.05,160,139,8155.55,2395.71,465.34,27.75,2.91,0.93,50.42
2023/10/25T13:49:54z,8:3a:8d:cb:2e:29,7.04,3.0+OPENLOG+15931 MB+RV3028+BME68X+PMSX003-A+PMSX003-B,92,25,51,1007.94,nan,26352,0,100,46.22,67.73,69.49,32.38,48.49,59.18,158,134,7302.07,2190.47,425.47,30.47,2.51,1.13,50.14,75.12,77.79,33.98,51.24,63.31,161,141,8223.79,2420.95,483.76,36.05,3.43,1.31,nan
2023/10/25T13:51:54z,8:3a:8d:cb:2e:29,7.04,3.0+OPENLOG+15931 MB+RV3028+BME68X+PMSX003-A+PMSX003-B,92,25,51,1007.96,0.02,26264,0,220,47.85,69.59,73.47,33.05,49.24,61.03,159,136,7504.68,2251.14,433.66,35.54,5.61,2.44,50.20,74.78,77.96,33.98,51.16,63.25,161,141,8255.78,2433.00,479.07,34.45,3.84,1.44,50.00
2023/10/25T13:53:54z,8:3a:8d:cb:2e:29,7.04,3.0+OPENLOG+15931 MB+RV3028+BME68X+PMSX003-A+PMSX003-B,92,25,51,1008.03,0.02,26264,0,340,48.33,70.89,74.81,33.25,49.75,61.61,159,137,7682.79,2293.67,452.09,32.44,5.23,2.77,51.98,77.95,81.91,34.59,52.36,65.10,163,144,8528.43,2503.33,506.36,40.24,4.07,1.47,50.00