timestamp,count_0_25_um,count_0_28_um,count_0_30_um,count_0_35_um,count_0_40_um,count_0_45_um,count_0_50_um,count_0_58_um,count_0_65_um,count_0_70_um,count_0_80_um,count_1_00_um,count_1_30_um,count_1_60_um,count_2_00_um,count_2_50_um,count_3_00_um,count_3_50_um,count_4_00_um,count_5_00_um,count_6_50_um,count_7_50_um,count_8_50_um,count_10_00_um,count_12_50_um,count_15_00_um,count_17_50_um,count_20_00_um,count_25_00_um,count_30_00_um,count_32_00_um,mass_0_25_um,mass_0_28_um,mass_0_30_um,mass_0_35_um,mass_0_40_um,mass_0_45_um,mass_0_50_um,mass_0_58_um,mass_0_65_um,mass_0_70_um,mass_0_80_um,mass_1_00_um,mass_1_30_um,mass_1_60_um,mass_2_00_um,mass_2_50_um,mass_3_00_um,mass_3_50_um,mass_4_00_um,mass_5_00_um,mass_6_50_um,mass_7_50_um,mass_8_50_um,mass_10_00_um,mass_12_50_um,mass_15_00_um,mass_17_50_um,mass_20_00_um,mass_25_00_um,mass_30_00_um,mass_32_00_um,pm1,pm2_5,pm10,filename,location
2023-10-10 14:02:00,71665,53280,40885,19300,5980,3120,1750,900,280,420,365,230,135,190,91,65,34,20,29,13,4,5,2,1,0,0,1,0,0,0,0,1.17,1.17,1.23,0.9,0.4,0.29,0.26,0.19,0.08,0.16,0.23,0.31,0.36,0.97,0.91,1.19,1.03,0.93,2.32,2.17,1.21,2.25,1.39,1.25,0.0,0.0,5.8,0.0,0,0,0,12.6,16.5,28.0,uploads\reference_20231111_215222_CCD__grimm.xlsx,CCD
2023-10-10 14:03:00,72265,54395,40980,18960,6490,2980,1775,910,285,460,285,260,80,185,129,87,32,20,21,13,3,2,3,2,2,1,0,0,0,0,0,1.18,1.2,1.24,0.88,0.44,0.28,0.26,0.2,0.08,0.17,0.18,0.35,0.21,0.95,1.29,1.59,0.97,0.93,1.68,2.17,0.91,0.9,2.09,2.5,4.57,3.77,0.0,0.0,0,0,0,12.6,17.0,28.0,uploads\reference_20231111_215222_CCD__grimm.xlsx,CCD
2023-10-10 14:04:00,71515,52550,40930,18930,5905,3005,1690,850,260,450,270,230,125,145,116,78,37,16,28,8,2,0,2,2,0,0,1,0,0,0,0,1.17,1.16,1.24,0.88,0.4,0.28,0.25,0.18,0.07,0.17,0.17,0.31,0.34,0.74,1.16,1.43,1.12,0.74,2.24,1.34,0.6,0.0,1.39,2.5,0.0,0.0,5.8,0.0,0,0,0,12.4,16.5,25.0,uploads\reference_20231111_215222_CCD__grimm.xlsx,CCD
2023-10-10 14:05:00,72440,54450,41395,19380,6060,3285,1790,875,275,385,240,215,100,155,132,61,29,19,32,8,7,2,4,1,0,0,0,0,0,0,0,1.19,1.2,1.25,0.9,0.41,0.31,0.26,0.19,0.07,0.14,0.15,0.29,0.27,0.8,1.32,1.12,0.88,0.88,2.57,1.34,2.11,0.9,2.78,1.25,0.0,0.0,0.0,0.0,0,0,0,12.6,16.4,28.2,uploads\reference_20231111_215222_CCD__grimm.xlsx,CCD
2023-10-10 14:06:00,72275,54380,40250,19175,5885,3330,1880,750,255,445,340,245,115,130,153,102,33,19,25,13,5,4,1,0,0,0,0,0,0,0,0,1.18,1.2,1.22,0.89,0.4,0.31,0.28,0.16,0.07,0.17,0.22,0.33,0.31,0.67,1.53,1.87,1.0,0.88,2.0,2.17,1.51,1.8,0.7,0.0,0.0,0.0,0.0,0.0,0,0,0,12.6,17.2,27.1,uploads\reference_20231111_215222_CCD__grimm.xlsx,CCD
2023-10-10 14:07:00,71490,53980,40770,19180,6185,3190,1710,1010,320,415,320,250,90,120,113,65,32,22,26,13,2,2,3,1,1,0,0,0,0,0,0,1.17,1.19,1.23,0.89,0.42,0.3,0.25,0.22,0.09,0.15,0.21,0.33,0.24,0.62,1.13,1.19,0.97,1.02,2.08,2.17,0.6,0.9,2.09,1.25,2.29,0.0,0.0,0.0,0,0,0,12.6,16.2,26.4,uploads\reference_20231111_215222_CCD__grimm.xlsx,CCD
2023-10-10 14:08:00,71645,54265,40350,19200,6025,3005,1925,835,245,470,330,235,115,105,112,80,27,17,20,4,0,2,1,1,0,1,0,0,0,0,0,1.17,1.19,1.22,0.89,0.41,0.28,0.28,0.18,0.07,0.17,0.21,0.31,0.31,0.54,1.12,1.46,0.82,0.79,1.6,0.67,0.0,0.9,0.7,1.25,0.0,3.77,0.0,0.0,0,0,0,12.5,16.2,22.2,uploads\reference_20231111_215222_CCD__grimm.xlsx,CCD
2023-10-10 14:09:00,72015,52785,40155,19015,6150,3370,1680,1030,320,430,290,210,120,155,102,73,34,15,21,12,4,0,3,0,1,0,0,0,0,0,0,1.18,1.16,1.21,0.88,0.42,0.32,0.25,0.22,0.09,0.16,0.19,0.28,0.32,0.8,1.02,1.34,1.03,0.7,1.68,2.01,1.21,0.0,2.09,0.0,2.29,0.0,0.0,0.0,0,0,0,12.6,16.4,24.8,uploads\reference_20231111_215222_CCD__grimm.xlsx,CCD
2023-10-10 14:10:00,72060,52160,40180,18520,6205,3090,1755,880,285,385,320,235,130,120,82,51,36,23,23,12,5,4,2,0,2,0,0,0,0,0,0,1.18,1.15,1.21,0.86,0.42,0.29,0.26,0.19,0.08,0.14,0.21,0.31,0.35,0.62,0.82,0.93,1.09,1.07,1.84,2.01,1.51,1.8,1.39,0.0,4.57,0.0,0.0,0.0,0,0,0,12.5,15.8,26.2,uploads\reference_20231111_215222_CCD__grimm.xlsx,CCD
2023-10-10 14:11:00,71250,53045,40100,18695,5610,3290,1505,1015,230,415,300,285,115,140,96,70,39,21,25,6,0,2,1,0,0,0,0,0,0,0,0,1.17,1.17,1.21,0.87,0.38,0.31,0.22,0.22,0.06,0.15,0.19,0.38,0.31,0.72,0.96,1.28,1.18,0.97,2.0,1.0,0.0,0.9,0.7,0.0,0.0,0.0,0.0,0.0,0,0,0,12.4,16.3,22.5,uploads\reference_20231111_215222_CCD__grimm.xlsx,CCD
2023-10-10 14:12:00,70785,53670,40375,18635,5825,3195,1660,945,265,370,320,205,120,195,109,76,42,13,21,9,2,1,1,1,0,0,0,0,0,0,0,1.16,1.18,1.22,0.86,0.39,0.3,0.24,0.2,0.07,0.14,0.21,0.27,0.32,1.0,1.09,1.39,1.27,0.6,1.68,1.51,0.6,0.45,0.7,1.25,0.0,0.0,0.0,0.0,0,0,0,12.4,16.6,23.7,uploads\reference_20231111_215222_CCD__grimm.xlsx,CCD
2023-10-10 14:13:00,71010,52565,39775,18890,5815,3430,1745,810,260,400,300,175,105,130,75,60,17,19,14,11,0,2,2,0,0,0,0,0,0,0,0,1.16,1.16,1.2,0.88,0.39,0.32,0.26,0.17,0.07,0.15,0.19,0.23,0.28,0.67,0.75,1.1,0.51,0.88,1.12,1.84,0.0,0.9,1.39,0.0,0.0,0.0,0.0,0.0,0,0,0,12.3,15.3,21.7,uploads\reference_20231111_215222_CCD__grimm.xlsx,CCD
2023-10-10 14:14:00,71210,53425,40265,19295,5715,3100,1640,740,270,320,255,170,115,80,144,106,25,17,16,4,2,0,0,1,0,0,0,0,0,0,0,1.17,1.18,1.22,0.9,0.39,0.29,0.24,0.16,0.07,0.12,0.16,0.23,0.31,0.41,1.44,1.94,0.75,0.79,1.28,0.67,0.6,0.0,0.0,1.25,0.0,0.0,0.0,0.0,0,0,0,12.3,16.4,21.3,uploads\reference_20231111_215222_CCD__grimm.xlsx,CCD
2023-10-10 14:15:00,70375,52805,40475,18950,5870,3010,1630,885,250,510,260,235,100,135,130,69,26,15,19,7,1,2,0,0,0,1,0,0,0,0,0,1.15,1.16,1.22,0.88,0.4,0.28,0.24,0.19,0.07,0.19,0.17,0.31,0.27,0.69,1.3,1.26,0.79,0.7,1.52,1.17,0.3,0.9,0.0,0.0,0.0,3.77,0.0,0.0,0,0,0,12.3,16.1,21.3,uploads\reference_20231111_215222_CCD__grimm.xlsx,CCD
2023-10-10 14:16:00,69990,53280,39875,18690,5990,3105,1670,865,280,390,285,175,60,140,104,58,27,16,16,9,4,1,0,0,0,0,0,0,0,0,0,1.15,1.17,1.2,0.87,0.4,0.29,0.24,0.19,0.08,0.14,0.18,0.23,0.16,0.72,1.04,1.06,0.82,0.74,1.28,1.51,1.21,0.45,0.0,0.0,0.0,0.0,0.0,0.0,0,0,0,12.2,15.5,21.2,uploads\reference_20231111_215222_CCD__grimm.xlsx,CCD
2023-10-10 14:17:00,71125,53335,39775,18365,6095,3230,1740,940,230,445,270,175,110,180,111,75,22,11,15,6,2,1,2,0,0,0,0,0,0,0,0,1.16,1.17,1.2,0.85,0.41,0.3,0.25,0.2,0.06,0.17,0.17,0.23,0.29,0.92,1.11,1.37,0.66,0.51,1.2,1.0,0.6,0.45,1.39,0.0,0.0,0.0,0.0,0.0,0,0,0,12.4,16.1,21.8,uploads\reference_20231111_215222_CCD__grimm.xlsx,CCD
2023-10-10 14:18:00,69110,53590,40325,18555,6050,3235,1660,795,245,360,215,225,125,165,106,70,26,17,19,7,0,1,2,1,0,0,0,1,0,0,0,1.13,1.18,1.22,0.86,0.41,0.3,0.24,0.17,0.07,0.13,0.14,0.3,0.34,0.85,1.06,1.28,0.79,0.79,1.52,1.17,0.0,0.45,1.39,1.25,0.0,0.0,0.0,10.02,0,0,0,12.1,15.9,22.5,uploads\reference_20231111_215222_CCD__grimm.xlsx,CCD
2023-10-10 14:19:00,70330,53130,38855,18760,6030,3245,1710,900,250,435,305,205,100,165,142,90,35,16,17,5,2,1,1,1,0,0,0,0,0,0,0,1.15,1.17,1.17,0.87,0.41,0.31,0.25,0.19,0.07,0.16,0.2,0.27,0.27,0.85,1.42,1.65,1.06,0.74,1.36,0.84,0.6,0.45,0.7,1.25,0.0,0.0,0.0,0.0,0,0,0,12.3,16.7,23.0,uploads\reference_20231111_215222_CCD__grimm.xlsx,CCD
2023-10-10 14:20:00,70900,53385,40110,18695,5920,3250,1555,745,250,415,250,185,125,145,84,53,29,17,18,10,2,3,3,1,0,0,0,0,0,0,0,1.16,1.18,1.21,0.87,0.4,0.31,0.23,0.16,0.07,0.15,0.16,0.25,0.34,0.74,0.84,0.97,0.88,0.79,1.44,1.67,0.6,1.35,2.09,1.25,0.0,0.0,0.0,0.0,0,0,0,12.3,15.5,24.7,uploads\reference_20231111_215222_CCD__grimm.xlsx,CCD
2023-10-10 14:21:00,70575,52505,38970,18630,6025,3040,1580,895,240,450,260,195,120,115,81,58,29,15,13,2,0,1,1,0,0,0,0,0,0,0,0,1.16,1.16,1.18,0.86,0.41,0.29,0.23,0.19,0.06,0.17,0.17,0.26,0.32,0.59,0.81,1.06,0.88,0.7,1.04,0.33,0.0,0.45,0.7,0.0,0.0,0.0,0.0,0.0,0,0,0,12.2,15.4,19.1,uploads\reference_20231111_215222_CCD__grimm.xlsx,CCD
2023-10-10 14:22:00,70620,52185,39330,18095,5940,3125,1650,895,310,350,260,235,90,120,93,64,28,15,17,7,1,5,0,0,0,0,0,0,0,0,0,1.16,1.15,1.19,0.84,0.4,0.29,0.24,0.19,0.08,0.13,0.17,0.31,0.24,0.62,0.93,1.17,0.85,0.7,1.36,1.17,0.3,2.25,0.0,0.0,0.0,0.0,0.0,0.0,0,0,0,12.2,15.5,21.9,uploads\reference_20231111_215222_CCD__grimm.xlsx,CCD
2023-10-10 14:23:00,69860,52550,39285,18205,5850,3085,1625,870,245,315,270,185,105,160,82,63,25,11,19,2,2,1,0,0,0,0,0,0,0,0,0,1.14,1.16,1.19,0.84,0.4,0.29,0.24,0.19,0.07,0.12,0.17,0.25,0.28,0.82,0.82,1.15,0.75,0.51,1.52,0.33,0.6,0.45,0.0,0.0,0.0,0.0,0.0,0.0,0,0,0,12.1,15.4,19.4,uploads\reference_20231111_215222_CCD__grimm.xlsx,CCD
2023-10-10 14:24:00,80425,58990,42860,19235,6230,3225,1825,805,280,330,275,215,85,155,76,43,27,14,16,12,2,0,0,0,0,0,0,0,0,0,0,1.32,1.3,1.29,0.89,0.42,0.3,0.27,0.17,0.08,0.12,0.18,0.29,0.23,0.8,0.76,0.79,0.82,0.65,1.28,2.01,0.6,0.0,0.0,0.0,0.0,0.0,0.0,0.0,0,0,0,13.6,16.6,21.6,uploads\reference_20231111_215222_CCD__grimm.xlsx,CCD
2023-10-10 14:25:00,125550,85303,53515,22975,6960,3675,1875,800,225,435,235,155,75,130,91,51,29,24,18,2,0,2,1,2,0,0,0,0,0,0,0,2.06,1.88,1.62,1.07,0.47,0.35,0.27,0.17,0.06,0.16,0.15,0.21,0.2,0.67,0.91,0.93,0.88,1.11,1.44,0.33,0.0,0.9,0.7,2.5,0.0,0.0,0.0,0.0,0,0,0,19.7,22.9,29.3,uploads\reference_20231111_215222_CCD__grimm.xlsx,CCD
2023-10-10 14:26:00,106028,74400,49690,22585,6960,3655,1865,825,200,385,275,255,125,140,116,70,25,14,9,3,2,0,0,1,0,0,0,0,0,0,0,1.74,1.64,1.5,1.05,0.47,0.34,0.27,0.18,0.05,0.14,0.18,0.34,0.34,0.72,1.16,1.28,0.75,0.65,0.72,0.5,0.6,0.0,0.0,1.25,0.0,0.0,0.0,0.0,0,0,0,17.3,21.0,24.8,uploads\reference_20231111_215222_CCD__grimm.xlsx,CCD
2023-10-10 14:27:00,95653,66475,44225,20715,6365,3275,1790,755,235,390,220,245,95,180,89,68,24,7,12,5,3,0,2,0,0,0,0,0,0,0,0,1.57,1.46,1.34,0.96,0.43,0.31,0.26,0.16,0.06,0.14,0.14,0.33,0.25,0.92,0.89,1.24,0.72,0.32,0.96,0.84,0.91,0.0,1.39,0.0,0.0,0.0,0.0,0.0,0,0,0,15.6,19.0,24.1,uploads\reference_20231111_215222_CCD__grimm.xlsx,CCD
2023-10-10 14:28:00,127739,84051,51770,22355,6915,3580,1720,810,245,370,250,260,125,160,54,40,14,18,14,4,0,0,0,1,0,0,0,0,0,0,0,2.09,1.85,1.56,1.04,0.47,0.34,0.25,0.17,0.07,0.14,0.16,0.35,0.34,0.82,0.54,0.73,0.42,0.83,1.12,0.67,0.0,0.0,0.0,1.25,0.0,0.0,0.0,0.0,0,0,0,20.0,22.7,26.3,uploads\reference_20231111_215222_CCD__grimm.xlsx,CCD
2023-10-10 14:29:00,148801,97270,56720,24085,7615,3645,1970,860,245,395,235,195,135,135,129,84,22,8,4,5,3,0,0,0,0,0,0,0,0,0,0,2.44,2.14,1.71,1.12,0.51,0.34,0.29,0.18,0.07,0.15,0.15,0.26,0.36,0.69,1.29,1.54,0.66,0.37,0.32,0.84,0.91,0.0,0.0,0.0,0.0,0.0,0.0,0.0,0,0,0,22.9,26.7,29.9,uploads\reference_20231111_215222_CCD__grimm.xlsx,CCD
2023-10-10 14:30:00,201973,128969,69430,27425,8260,3895,1935,815,260,390,320,195,170,135,77,58,25,8,14,1,1,0,0,0,1,0,0,0,0,0,0,3.31,2.84,2.1,1.27,0.56,0.37,0.28,0.18,0.07,0.14,0.21,0.26,0.46,0.69,0.77,1.06,0.75,0.37,1.12,0.17,0.3,0.0,0.0,0.0,2.29,0.0,0.0,0.0,0,0,0,30.2,33.4,36.1,uploads\reference_20231111_215222_CCD__grimm.xlsx,CCD
2023-10-10 14:31:00,244152,154104,78795,30225,8460,4295,1975,890,205,370,220,180,80,165,75,42,18,10,17,7,0,0,1,0,0,0,0,0,0,0,0,4.0,3.39,2.38,1.4,0.57,0.4,0.29,0.19,0.06,0.14,0.14,0.24,0.21,0.85,0.75,0.77,0.54,0.46,1.36,1.17,0.0,0.0,0.7,0.0,0.0,0.0,0.0,0.0,0,0,0,35.9,38.7,42.7,uploads\reference_20231111_215222_CCD__grimm.xlsx,CCD
2023-10-10 14:32:00,274448,175419,86375,32465,8255,4525,1910,815,270,365,250,200,90,115,68,30,22,18,10,9,2,3,0,1,2,0,0,0,0,0,0,4.49,3.86,2.61,1.51,0.56,0.43,0.28,0.18,0.07,0.14,0.16,0.27,0.24,0.59,0.68,0.55,0.66,0.83,0.8,1.51,0.6,1.35,0.0,1.25,4.57,0.0,0.0,0.0,0,0,0,40.1,42.6,49.0,uploads\reference_20231111_215222_CCD__grimm.xlsx,CCD
2023-10-10 14:33:00,279023,181718,88025,32840,9355,4575,2215,935,260,485,300,195,140,125,85,54,26,21,12,0,3,2,2,0,0,0,0,0,0,0,0,4.57,4.0,2.66,1.52,0.63,0.43,0.32,0.2,0.07,0.18,0.19,0.26,0.38,0.64,0.85,0.99,0.79,0.97,0.96,0.0,0.91,0.9,1.39,0.0,0.0,0.0,0.0,0.0,0,0,0,41.0,44.2,49.7,uploads\reference_20231111_215222_CCD__grimm.xlsx,CCD
2023-10-10 14:34:00,313846,207427,96385,35855,9370,4860,1970,955,315,425,265,105,95,110,132,47,29,18,11,7,2,1,3,0,0,0,0,0,0,0,0,5.14,4.57,2.91,1.66,0.63,0.46,0.29,0.21,0.09,0.16,0.17,0.14,0.25,0.56,1.32,0.86,0.88,0.83,0.88,1.17,0.6,0.45,2.09,0.0,0.0,0.0,0.0,0.0,0,0,0,45.7,49.0,55.5,uploads\reference_20231111_215222_CCD__grimm.xlsx,CCD
2023-10-10 14:35:00,306392,198326,95455,33935,9165,4420,1780,810,350,375,220,255,85,125,78,51,26,15,12,5,2,0,0,1,0,0,0,0,0,0,0,5.02,4.37,2.88,1.57,0.62,0.42,0.26,0.17,0.09,0.14,0.14,0.34,0.23,0.64,0.78,0.93,0.79,0.7,0.96,0.84,0.6,0.0,0.0,1.25,0.0,0.0,0.0,0.0,0,0,0,44.6,47.5,51.9,uploads\reference_20231111_215222_CCD__grimm.xlsx,CCD
2023-10-10 14:36:00,313329,201593,95695,35720,9280,4740,2120,900,260,420,340,220,100,110,62,48,22,14,9,7,1,1,0,1,0,0,0,0,0,0,0,5.13,4.44,2.89,1.66,0.63,0.45,0.31,0.19,0.07,0.16,0.22,0.29,0.27,0.56,0.62,0.88,0.66,0.65,0.72,1.17,0.3,0.45,0.0,1.25,0.0,0.0,0.0,0.0,0,0,0,45.7,48.3,52.8,uploads\reference_20231111_215222_CCD__grimm.xlsx,CCD
2023-10-10 14:37:00,329398,213419,100540,36300,9780,4795,2145,970,255,465,190,195,80,130,94,56,24,12,15,6,1,1,0,0,1,0,0,0,0,0,0,5.39,4.7,3.04,1.68,0.66,0.45,0.31,0.21,0.07,0.17,0.12,0.26,0.21,0.67,0.94,1.02,0.72,0.56,1.2,1.0,0.3,0.45,0.0,0.0,2.29,0.0,0.0,0.0,0,0,0,47.8,50.9,55.1,uploads\reference_20231111_215222_CCD__grimm.xlsx,CCD
2023-10-10 14:38:00,333699,218077,99910,36365,9805,4940,2115,925,330,375,305,200,105,110,110,83,24,13,12,2,1,0,0,0,0,0,0,0,0,0,0,5.46,4.8,3.02,1.69,0.66,0.47,0.31,0.2,0.09,0.14,0.2,0.27,0.28,0.56,1.1,1.52,0.72,0.6,0.96,0.33,0.3,0.0,0.0,0.0,0.0,0.0,0.0,0.0,0,0,0,48.5,52.0,54.9,uploads\reference_20231111_215222_CCD__grimm.xlsx,CCD
2023-10-10 14:39:00,327205,210769,97170,36330,10105,4715,2005,880,255,360,335,250,125,155,88,48,17,16,15,5,1,0,0,0,0,0,0,0,0,0,0,5.36,4.64,2.93,1.69,0.68,0.44,0.29,0.19,0.07,0.13,0.21,0.33,0.34,0.8,0.88,0.88,0.51,0.74,1.2,0.84,0.3,0.0,0.0,0.0,0.0,0.0,0.0,0.0,0,0,0,47.6,50.7,54.1,uploads\reference_20231111_215222_CCD__grimm.xlsx,CCD
2023-10-10 14:40:00,334955,212466,99235,36070,9595,4975,2180,880,280,375,285,225,105,120,87,45,19,22,12,2,0,1,1,1,0,0,0,0,0,0,0,5.48,4.68,3.0,1.67,0.65,0.47,0.32,0.19,0.08,0.14,0.18,0.3,0.28,0.62,0.87,0.82,0.57,1.02,0.96,0.33,0.0,0.45,0.7,1.25,0.0,0.0,0.0,0.0,0,0,0,48.6,51.5,56.0,uploads\reference_20231111_215222_CCD__grimm.xlsx,CCD
2023-10-10 14:41:00,349764,222107,102460,36975,10250,5160,2125,915,305,430,250,190,70,105,107,85,25,10,18,6,2,0,1,1,0,0,0,0,0,0,0,5.73,4.89,3.09,1.72,0.69,0.49,0.31,0.2,0.08,0.16,0.16,0.25,0.19,0.54,1.07,1.55,0.75,0.46,1.44,1.0,0.6,0.0,0.7,1.25,0.0,0.0,0.0,0.0,0,0,0,50.6,54.0,59.7,uploads\reference_20231111_215222_CCD__grimm.xlsx,CCD
2023-10-10 14:42:00,353789,224063,104015,37820,10110,5190,2125,860,310,460,235,230,125,115,121,77,12,11,9,2,2,0,1,0,0,0,0,0,0,0,0,5.79,4.93,3.14,1.75,0.68,0.49,0.31,0.18,0.08,0.17,0.15,0.31,0.34,0.59,1.21,1.41,0.36,0.51,0.72,0.33,0.6,0.0,0.7,0.0,0.0,0.0,0.0,0.0,0,0,0,51.2,54.7,58.0,uploads\reference_20231111_215222_CCD__grimm.xlsx,CCD
2023-10-10 14:43:00,354381,224532,103010,38205,10235,5355,2305,965,280,440,290,270,85,110,132,84,30,15,12,4,2,1,0,0,0,0,0,0,0,0,0,5.8,4.94,3.11,1.77,0.69,0.5,0.34,0.21,0.08,0.16,0.19,0.36,0.23,0.56,1.32,1.54,0.91,0.7,0.96,0.67,0.6,0.45,0.0,0.0,0.0,0.0,0.0,0.0,0,0,0,51.4,55.3,59.4,uploads\reference_20231111_215222_CCD__grimm.xlsx,CCD
2023-10-10 14:44:00,384608,245325,109835,39590,10740,5440,2200,995,300,535,240,225,110,165,139,86,28,15,12,3,2,0,0,0,0,0,0,0,0,0,0,6.3,5.4,3.32,1.84,0.73,0.51,0.32,0.21,0.08,0.2,0.15,0.3,0.29,0.85,1.39,1.57,0.85,0.7,0.96,0.5,0.6,0.0,0.0,0.0,0.0,0.0,0.0,0.0,0,0,0,55.5,59.8,63.3,uploads\reference_20231111_215222_CCD__grimm.xlsx,CCD
2023-10-10 14:45:00,383604,242881,111500,40010,11035,5495,2330,980,295,425,385,215,75,200,101,65,21,13,14,5,0,1,0,0,0,0,0,0,0,0,0,6.28,5.35,3.37,1.86,0.75,0.52,0.34,0.21,0.08,0.16,0.25,0.29,0.2,1.03,1.01,1.19,0.63,0.6,1.12,0.84,0.0,0.45,0.0,0.0,0.0,0.0,0.0,0.0,0,0,0,55.5,59.1,62.6,uploads\reference_20231111_215222_CCD__grimm.xlsx,CCD
2023-10-10 14:46:00,389242,246302,111710,39925,11125,5615,2490,900,330,460,270,185,110,180,104,67,26,16,14,5,2,0,1,0,0,0,0,0,0,0,0,6.37,5.42,3.37,1.85,0.75,0.53,0.36,0.19,0.09,0.17,0.17,0.25,0.29,0.92,1.04,1.23,0.79,0.74,1.12,0.84,0.6,0.0,0.7,0.0,0.0,0.0,0.0,0.0,0,0,0,56.2,59.9,64.5,uploads\reference_20231111_215222_CCD__grimm.xlsx,CCD
2023-10-10 14:47:00,381515,239625,108925,39755,10870,5530,2235,920,300,475,240,150,110,120,96,58,29,14,13,3,1,0,1,0,0,0,0,0,0,0,0,6.25,5.27,3.29,1.84,0.73,0.52,0.33,0.2,0.08,0.18,0.15,0.2,0.29,0.62,0.96,1.06,0.88,0.65,1.04,0.5,0.3,0.0,0.7,0.0,0.0,0.0,0.0,0.0,0,0,0,55.0,58.2,62.0,uploads\reference_20231111_215222_CCD__grimm.xlsx,CCD
2023-10-10 14:48:00,397148,247778,110850,40570,11200,5670,2310,1070,295,485,310,210,145,165,60,53,32,14,20,6,0,0,0,0,0,0,0,0,0,0,0,6.5,5.45,3.35,1.88,0.76,0.53,0.34,0.23,0.08,0.18,0.2,0.28,0.39,0.85,0.6,0.97,0.97,0.65,1.6,1.0,0.0,0.0,0.0,0.0,0.0,0.0,0.0,0.0,0,0,0,57.3,60.5,64.4,uploads\reference_20231111_215222_CCD__grimm.xlsx,CCD
2023-10-10 14:49:00,405901,253685,112235,40805,11140,5350,2555,955,320,470,330,250,125,130,120,69,22,18,12,3,1,0,0,0,0,0,0,0,0,0,0,6.64,5.58,3.39,1.89,0.75,0.5,0.37,0.21,0.09,0.17,0.21,0.33,0.34,0.67,1.2,1.26,0.66,0.83,0.96,0.5,0.3,0.0,0.0,0.0,0.0,0.0,0.0,0.0,0,0,0,58.5,62.2,65.3,uploads\reference_20231111_215222_CCD__grimm.xlsx,CCD
2023-10-10 14:50:00,402809,252707,112620,39780,10970,5700,2315,1020,230,440,295,255,150,145,124,59,28,9,21,6,2,1,0,0,0,0,0,0,0,0,0,6.59,5.56,3.4,1.85,0.74,0.54,0.34,0.22,0.06,0.16,0.19,0.34,0.4,0.74,1.24,1.08,0.85,0.42,1.68,1.0,0.6,0.45,0.0,0.0,0.0,0.0,0.0,0.0,0,0,0,58.0,61.7,66.6,uploads\reference_20231111_215222_CCD__grimm.xlsx,CCD
2023-10-10 14:51:00,413279,256953,112830,40655,11195,5970,2405,1115,360,510,345,185,130,140,130,61,37,14,18,4,0,0,0,0,1,0,0,0,0,0,0,7.09,5.66,3.41,1.89,0.76,0.56,0.35,0.24,0.1,0.19,0.22,0.25,0.35,0.72,1.3,1.12,1.12,0.65,1.44,0.67,0.0,0.0,0.0,0.0,2.29,0.0,0.0,0.0,0,0,0,60.7,64.6,68.2,uploads\reference_20231111_215222_CCD__grimm.xlsx,CCD
2023-10-10 14:52:00,423133,262898,113160,41185,11680,5835,2540,940,285,440,260,210,135,110,92,64,33,10,21,2,1,1,0,0,1,0,0,0,0,0,0,7.2,5.79,3.42,1.91,0.79,0.55,0.37,0.2,0.08,0.16,0.17,0.28,0.36,0.56,0.92,1.17,1.0,0.46,1.68,0.33,0.3,0.45,0.0,0.0,2.29,0.0,0.0,0.0,0,0,0,61.5,64.9,68.9,uploads\reference_20231111_215222_CCD__grimm.xlsx,CCD
2023-10-10 14:53:00,420696,258250,112405,40870,11475,5705,2630,995,375,455,295,255,135,155,169,95,28,16,9,1,2,0,0,0,0,0,0,0,0,0,0,7.11,5.68,3.39,1.9,0.77,0.54,0.38,0.21,0.1,0.17,0.19,0.34,0.36,0.8,1.69,1.74,0.85,0.74,0.72,0.17,0.6,0.0,0.0,0.0,0.0,0.0,0.0,0.0,0,0,0,60.9,65.6,68.6,uploads\reference_20231111_215222_CCD__grimm.xlsx,CCD
2023-10-10 14:54:00,438174,267418,115710,40660,11600,5400,2350,1065,335,395,285,245,105,110,131,73,22,14,14,5,0,0,1,0,0,0,0,0,0,0,0,7.3,5.89,3.49,1.89,0.78,0.51,0.34,0.23,0.09,0.15,0.18,0.33,0.28,0.56,1.31,1.34,0.66,0.65,1.12,0.84,0.0,0.0,0.7,0.0,0.0,0.0,0.0,0.0,0,0,0,62.3,66.0,69.8,uploads\reference_20231111_215222_CCD__grimm.xlsx,CCD
2023-10-10 14:55:00,456679,278426,118295,40770,11955,5770,2495,1080,305,495,275,275,80,160,158,85,27,21,8,4,2,0,0,0,0,0,0,0,0,0,0,7.54,6.13,3.57,1.89,0.81,0.54,0.37,0.23,0.08,0.18,0.18,0.37,0.21,0.82,1.58,1.55,0.82,0.97,0.64,0.67,0.6,0.0,0.0,0.0,0.0,0.0,0.0,0.0,0,0,0,64.4,68.8,72.4,uploads\reference_20231111_215222_CCD__grimm.xlsx,CCD
2023-10-10 14:56:00,446034,271649,116015,42310,11855,5665,2355,1145,365,460,330,230,125,140,113,62,23,20,16,5,1,0,0,0,0,0,0,0,0,0,0,7.41,5.98,3.5,1.96,0.8,0.53,0.34,0.25,0.1,0.17,0.21,0.31,0.34,0.72,1.13,1.13,0.69,0.93,1.28,0.84,0.3,0.0,0.0,0.0,0.0,0.0,0.0,0.0,0,0,0,63.4,67.0,70.8,uploads\reference_20231111_215222_CCD__grimm.xlsx,CCD
2023-10-10 14:57:00,444677,271080,116425,41005,11375,6255,2475,1125,330,515,315,255,135,145,121,50,30,14,21,6,1,0,1,1,0,0,0,0,0,0,0,7.39,5.97,3.52,1.9,0.77,0.59,0.36,0.24,0.09,0.19,0.2,0.34,0.36,0.74,1.21,0.91,0.91,0.65,1.68,1.0,0.3,0.0,0.7,1.25,0.0,0.0,0.0,0.0,0,0,0,63.3,66.8,72.5,uploads\reference_20231111_215222_CCD__grimm.xlsx,CCD
2023-10-10 14:58:00,447149,266399,112445,40640,11730,6035,2550,1130,320,485,345,240,85,115,80,80,24,17,21,4,1,0,2,1,0,0,0,0,0,0,0,7.25,5.86,3.4,1.89,0.79,0.57,0.37,0.24,0.09,0.18,0.22,0.32,0.23,0.59,0.8,1.46,0.72,0.79,1.68,0.67,0.3,0.0,1.39,1.25,0.0,0.0,0.0,0.0,0,0,0,62.0,65.3,71.4,uploads\reference_20231111_215222_CCD__grimm.xlsx,CCD
2023-10-10 14:59:00,443771,269931,115040,40915,11510,5710,2495,1075,335,470,295,260,140,155,89,74,34,19,21,7,1,0,0,0,0,0,0,0,0,0,0,7.34,5.94,3.47,1.9,0.78,0.54,0.37,0.23,0.09,0.17,0.19,0.35,0.38,0.8,0.89,1.35,1.03,0.88,1.68,1.17,0.3,0.0,0.0,0.0,0.0,0.0,0.0,0.0,0,0,0,62.8,66.6,71.3,uploads\reference_20231111_215222_CCD__grimm.xlsx,CCD
2023-10-10 15:00:00,427564,255109,109525,40145,11060,5860,2605,1060,355,470,290,200,115,175,130,96,30,19,19,2,2,1,0,1,0,0,0,0,0,0,0,6.99,5.62,3.31,1.86,0.75,0.55,0.38,0.23,0.1,0.17,0.19,0.27,0.31,0.9,1.3,1.76,0.91,0.88,1.52,0.33,0.6,0.45,0.0,1.25,0.0,0.0,0.0,0.0,0,0,0,59.9,64.3,69.6,uploads\reference_20231111_215222_CCD__grimm.xlsx,CCD
2023-10-10 15:01:00,398084,236883,102170,38150,11135,5735,2655,1195,290,535,400,255,100,100,131,89,41,22,21,8,2,1,0,0,0,0,0,0,0,0,0,6.55,5.21,3.09,1.77,0.75,0.54,0.39,0.26,0.08,0.2,0.26,0.34,0.27,0.51,1.31,1.63,1.24,1.02,1.68,1.34,0.6,0.45,0.0,0.0,0.0,0.0,0.0,0.0,0,0,0,56.3,60.5,66.5,uploads\reference_20231111_215222_CCD__grimm.xlsx,CCD
2023-10-10 15:02:00,378547,223351,97660,36795,11025,5615,2535,1095,300,610,365,240,155,190,150,99,47,18,25,5,1,0,2,2,1,0,0,0,0,0,0,6.23,4.92,2.95,1.71,0.74,0.53,0.37,0.24,0.08,0.23,0.23,0.32,0.42,0.97,1.5,1.81,1.42,0.83,2.0,0.84,0.3,0.0,1.39,2.5,2.29,0.0,0.0,0.0,0,0,0,53.7,58.8,66.7,uploads\reference_20231111_215222_CCD__grimm.xlsx,CCD
2023-10-10 15:03:00,389608,228058,101675,37215,11245,5615,2700,1185,330,630,310,270,125,150,186,114,48,16,32,17,6,1,0,0,0,0,0,0,0,0,0,6.38,5.02,3.07,1.73,0.76,0.53,0.4,0.25,0.09,0.23,0.2,0.36,0.34,0.77,1.86,2.09,1.45,0.74,2.57,2.84,1.81,0.45,0.0,0.0,0.0,0.0,0.0,0.0,0,0,0,55.0,60.4,70.0,uploads\reference_20231111_215222_CCD__grimm.xlsx,CCD
2023-10-10 15:04:00,375362,220431,96730,36700,10950,5640,2705,1055,505,640,480,215,150,180,150,104,49,26,29,9,2,1,0,0,0,0,0,0,0,0,0,6.17,4.85,2.92,1.7,0.74,0.53,0.4,0.23,0.14,0.24,0.31,0.29,0.4,0.92,1.5,1.9,1.48,1.21,2.32,1.51,0.6,0.45,0.0,0.0,0.0,0.0,0.0,0.0,0,0,0,53.3,58.5,65.6,uploads\reference_20231111_215222_CCD__grimm.xlsx,CCD
2023-10-10 15:05:00,389955,227519,101285,38170,11380,5865,2685,1175,350,420,385,270,145,175,180,94,58,27,35,4,5,0,1,1,0,0,0,0,0,0,0,6.39,5.01,3.06,1.77,0.77,0.55,0.39,0.25,0.09,0.16,0.25,0.36,0.39,0.9,1.8,1.72,1.75,1.25,2.81,0.67,1.51,0.0,0.7,1.25,0.0,0.0,0.0,0.0,0,0,0,55.1,60.6,69.3,uploads\reference_20231111_215222_CCD__grimm.xlsx,CCD
2023-10-10 15:06:00,383855,221186,95590,37070,10540,5830,2795,1175,415,525,305,320,160,225,153,121,48,24,19,9,6,0,0,0,0,0,0,0,0,0,0,6.16,4.87,2.89,1.72,0.71,0.55,0.41,0.25,0.11,0.19,0.2,0.43,0.43,1.15,1.53,2.21,1.45,1.11,1.52,1.51,1.81,0.0,0.0,0.0,0.0,0.0,0.0,0.0,0,0,0,53.2,59.0,66.0,uploads\reference_20231111_215222_CCD__grimm.xlsx,CCD
2023-10-10 15:07:00,402322,232649,101230,37890,11120,6085,2780,1235,370,565,390,290,150,170,220,115,35,20,27,10,2,0,1,0,0,0,0,0,0,0,0,6.47,5.12,3.06,1.76,0.75,0.57,0.41,0.27,0.1,0.21,0.25,0.39,0.4,0.87,2.2,2.1,1.06,0.93,2.16,1.67,0.6,0.0,0.7,0.0,0.0,0.0,0.0,0.0,0,0,0,55.8,61.5,68.6,uploads\reference_20231111_215222_CCD__grimm.xlsx,CCD
2023-10-10 15:08:00,391356,226876,97815,37945,11290,5810,2675,1265,360,535,340,290,110,195,154,96,39,34,29,11,2,0,0,0,0,0,0,0,0,0,0,6.32,4.99,2.95,1.76,0.76,0.55,0.39,0.27,0.1,0.2,0.22,0.39,0.29,1.0,1.54,1.76,1.18,1.58,2.32,1.84,0.6,0.0,0.0,0.0,0.0,0.0,0.0,0.0,0,0,0,54.5,59.6,66.7,uploads\reference_20231111_215222_CCD__grimm.xlsx,CCD
2023-10-10 15:09:00,357103,205534,92020,35955,11035,5775,2845,1305,400,605,345,300,170,255,233,101,55,29,37,15,2,2,0,1,0,0,0,0,0,0,0,5.84,4.52,2.78,1.67,0.75,0.54,0.42,0.28,0.11,0.22,0.22,0.4,0.46,1.31,2.33,1.85,1.66,1.35,2.97,2.51,0.6,0.9,0.0,1.25,0.0,0.0,0.0,0.0,0,0,0,50.7,57.2,67.4,uploads\reference_20231111_215222_CCD__grimm.xlsx,CCD
2023-10-10 15:10:00,377682,212986,94870,36475,11040,5785,2825,1300,435,595,330,325,180,155,140,91,52,26,32,10,3,1,0,0,0,0,0,0,0,0,0,6.02,4.69,2.86,1.69,0.75,0.55,0.41,0.28,0.12,0.22,0.21,0.43,0.48,0.8,1.4,1.66,1.57,1.21,2.57,1.67,0.91,0.45,0.0,0.0,0.0,0.0,0.0,0.0,0,0,0,52.1,57.2,64.9,uploads\reference_20231111_215222_CCD__grimm.xlsx,CCD
2023-10-10 15:11:00,373145,212496,93025,36725,11090,6090,2905,1230,375,610,390,360,185,235,188,108,46,26,30,8,2,1,1,0,0,0,0,0,0,0,0,5.99,4.68,2.81,1.7,0.75,0.57,0.43,0.26,0.1,0.23,0.25,0.48,0.5,1.21,1.88,1.98,1.39,1.21,2.4,1.34,0.6,0.45,0.7,0.0,0.0,0.0,0.0,0.0,0,0,0,52.0,58.0,65.7,uploads\reference_20231111_215222_CCD__grimm.xlsx,CCD
2023-10-10 15:12:00,361989,207474,92270,35985,11145,5790,2920,1140,405,650,360,330,210,210,102,74,45,38,25,14,1,4,2,0,0,0,0,0,0,0,0,5.88,4.57,2.79,1.67,0.75,0.55,0.43,0.24,0.11,0.24,0.23,0.44,0.56,1.08,1.02,1.35,1.36,1.76,2.0,2.34,0.3,1.8,1.39,0.0,0.0,0.0,0.0,0.0,0,0,0,51.0,55.9,66.0,uploads\reference_20231111_215222_CCD__grimm.xlsx,CCD
2023-10-10 15:13:00,372235,208755,91375,36055,11025,6235,2855,1315,460,635,360,365,200,215,129,102,60,19,36,12,1,0,1,0,0,0,0,0,0,0,0,5.9,4.6,2.76,1.67,0.74,0.59,0.42,0.28,0.12,0.24,0.23,0.49,0.54,1.1,1.29,1.87,1.81,0.88,2.89,2.01,0.3,0.0,0.7,0.0,0.0,0.0,0.0,0.0,0,0,0,51.2,56.7,64.7,uploads\reference_20231111_215222_CCD__grimm.xlsx,CCD
2023-10-10 15:14:00,389986,220421,94925,37835,11100,5945,2670,1300,455,595,415,295,145,235,157,96,38,29,33,9,1,0,2,0,0,0,0,0,0,0,0,6.17,4.85,2.87,1.76,0.75,0.56,0.39,0.28,0.12,0.22,0.27,0.39,0.39,1.21,1.57,1.76,1.15,1.35,2.65,1.51,0.3,0.0,1.39,0.0,0.0,0.0,0.0,0.0,0,0,0,53.4,58.7,66.6,uploads\reference_20231111_215222_CCD__grimm.xlsx,CCD
2023-10-10 15:15:00,373147,210068,92600,36825,11280,5890,2775,1295,365,605,430,345,175,215,169,134,54,35,35,13,1,1,2,0,1,0,0,0,0,0,0,5.95,4.62,2.8,1.71,0.76,0.56,0.41,0.28,0.1,0.22,0.28,0.46,0.47,1.1,1.69,2.45,1.63,1.62,2.81,2.17,0.3,0.45,1.39,0.0,2.29,0.0,0.0,0.0,0,0,0,51.6,58.0,67.9,uploads\reference_20231111_215222_CCD__grimm.xlsx,CCD
2023-10-10 15:16:00,360899,201250,88955,35745,10690,5790,2685,1375,460,585,470,350,155,195,224,129,54,25,29,10,1,3,0,0,0,0,0,0,0,0,0,5.72,4.43,2.69,1.66,0.72,0.55,0.39,0.3,0.12,0.22,0.3,0.47,0.42,1.0,2.24,2.36,1.63,1.16,2.32,1.67,0.3,1.35,0.0,0.0,0.0,0.0,0.0,0.0,0,0,0,49.7,56.2,64.3,uploads\reference_20231111_215222_CCD__grimm.xlsx,CCD
2023-10-10 15:17:00,365076,200438,88115,35160,11330,5815,2730,1320,395,615,435,340,175,215,153,99,69,24,38,2,2,1,0,1,0,1,0,0,0,0,0,5.69,4.41,2.66,1.63,0.77,0.55,0.4,0.28,0.11,0.23,0.28,0.45,0.47,1.1,1.53,1.81,2.08,1.11,3.05,0.33,0.6,0.45,0.0,1.25,0.0,3.77,0.0,0.0,0,0,0,49.5,55.3,62.9,uploads\reference_20231111_215222_CCD__grimm.xlsx,CCD
2023-10-10 15:18:00,358604,201396,88780,35680,10785,5985,2920,1270,395,635,430,265,200,190,232,121,56,23,36,5,1,1,0,0,0,0,0,0,0,0,0,5.72,4.43,2.68,1.66,0.73,0.56,0.43,0.27,0.11,0.24,0.28,0.35,0.54,0.97,2.32,2.21,1.69,1.07,2.89,0.84,0.3,0.45,0.0,0.0,0.0,0.0,0.0,0.0,0,0,0,49.7,56.2,63.0,uploads\reference_20231111_215222_CCD__grimm.xlsx,CCD
2023-10-10 15:19:00,375735,205775,90785,35860,11075,5950,2675,1360,415,785,490,275,150,215,187,113,56,34,29,12,4,0,0,0,0,0,0,0,0,0,0,5.83,4.53,2.74,1.66,0.75,0.56,0.39,0.29,0.11,0.29,0.31,0.37,0.4,1.1,1.87,2.07,1.69,1.58,2.32,2.01,1.21,0.0,0.0,0.0,0.0,0.0,0.0,0.0,0,0,0,50.7,56.8,65.0,uploads\reference_20231111_215222_CCD__grimm.xlsx,CCD
2023-10-10 15:20:00,389750,214114,93295,37065,11145,6290,2830,1370,355,590,390,320,160,190,211,105,60,22,25,10,0,0,2,0,0,0,0,0,0,0,0,6.03,4.71,2.82,1.72,0.75,0.59,0.41,0.29,0.1,0.22,0.25,0.43,0.43,0.97,2.11,1.92,1.81,1.02,2.0,1.67,0.0,0.0,1.39,0.0,0.0,0.0,0.0,0.0,0,0,0,52.3,58.4,65.7,uploads\reference_20231111_215222_CCD__grimm.xlsx,CCD
2023-10-10 15:21:00,383867,210879,90910,36120,11470,6085,3060,1300,435,750,475,290,175,250,225,124,48,33,26,12,0,1,0,1,0,0,0,0,0,0,0,5.94,4.64,2.75,1.68,0.77,0.57,0.45,0.28,0.12,0.28,0.3,0.39,0.47,1.28,2.25,2.27,1.45,1.53,2.08,2.01,0.0,0.45,0.0,1.25,0.0,0.0,0.0,0.0,0,0,0,51.7,58.4,66.2,uploads\reference_20231111_215222_CCD__grimm.xlsx,CCD
2023-10-10 15:22:00,372724,203182,90465,35660,11370,5980,3005,1205,470,745,415,370,205,290,121,69,49,31,32,13,4,0,0,1,0,0,0,0,0,0,0,5.79,4.47,2.73,1.65,0.77,0.56,0.44,0.26,0.13,0.28,0.27,0.49,0.55,1.49,1.21,1.26,1.48,1.44,2.57,2.17,1.21,0.0,0.0,1.25,0.0,0.0,0.0,0.0,0,0,0,50.5,55.8,64.7,uploads\reference_20231111_215222_CCD__grimm.xlsx,CCD
2023-10-10 15:23:00,367162,201816,89095,35800,11215,5930,2845,1415,455,625,400,365,175,210,279,143,43,26,28,9,1,0,1,0,0,0,0,0,0,0,0,5.74,4.44,2.69,1.66,0.76,0.56,0.42,0.3,0.12,0.23,0.26,0.49,0.47,1.08,2.8,2.62,1.3,1.21,2.24,1.51,0.3,0.0,0.7,0.0,0.0,0.0,0.0,0.0,0,0,0,50.0,57.1,64.3,uploads\reference_20231111_215222_CCD__grimm.xlsx,CCD
2023-10-10 15:24:00,394704,216544,91990,36745,11455,5785,2760,1375,430,700,390,305,235,310,131,151,61,30,37,6,2,1,0,1,0,0,0,0,0,0,0,6.05,4.77,2.78,1.7,0.77,0.55,0.4,0.3,0.12,0.26,0.25,0.41,0.63,1.59,1.31,2.76,1.84,1.39,2.97,1.0,0.6,0.45,0.0,1.25,0.0,0.0,0.0,0.0,0,0,0,52.5,59.3,67.8,uploads\reference_20231111_215222_CCD__grimm.xlsx,CCD
2023-10-10 15:25:00,380675,206352,91090,35565,11150,6155,2455,1310,435,750,430,390,195,265,160,134,52,27,31,12,1,2,1,0,0,0,0,0,0,0,0,5.84,4.54,2.75,1.65,0.75,0.58,0.36,0.28,0.12,0.28,0.28,0.52,0.52,1.36,1.6,2.45,1.57,1.25,2.48,2.01,0.3,0.9,0.7,0.0,0.0,0.0,0.0,0.0,0,0,0,50.9,57.3,66.1,uploads\reference_20231111_215222_CCD__grimm.xlsx,CCD
2023-10-10 15:26:00,362829,197747,89100,35650,11405,5865,2800,1470,480,660,490,370,195,275,139,121,55,27,33,16,2,0,2,0,0,0,0,0,0,0,0,5.68,4.35,2.69,1.65,0.77,0.55,0.41,0.32,0.13,0.24,0.31,0.49,0.52,1.41,1.39,2.21,1.66,1.25,2.65,2.68,0.6,0.0,1.39,0.0,0.0,0.0,0.0,0.0,0,0,0,49.6,55.7,65.4,uploads\reference_20231111_215222_CCD__grimm.xlsx,CCD
2023-10-10 15:27:00,321498,177472,82435,34270,11280,6155,2980,1445,460,710,465,370,215,190,241,121,71,35,35,14,1,0,0,2,0,0,0,0,0,0,0,5.22,3.91,2.49,1.59,0.76,0.58,0.44,0.31,0.12,0.26,0.3,0.49,0.58,0.97,2.41,2.21,2.14,1.62,2.81,2.34,0.3,0.0,0.0,2.5,0.0,0.0,0.0,0.0,0,0,0,45.9,52.9,62.9,uploads\reference_20231111_215222_CCD__grimm.xlsx,CCD
2023-10-10 15:28:00,324269,176674,83810,35325,11400,6145,3035,1405,430,775,525,445,240,295,248,174,53,34,27,17,2,1,2,2,0,0,0,0,0,0,0,5.26,3.89,2.53,1.64,0.77,0.58,0.44,0.3,0.12,0.29,0.34,0.6,0.64,1.51,2.48,3.18,1.6,1.58,2.16,2.84,0.6,0.45,1.39,2.5,0.0,0.0,0.0,0.0,0,0,0,46.3,54.5,66.3,uploads\reference_20231111_215222_CCD__grimm.xlsx,CCD
2023-10-10 15:29:00,305081,164497,79870,33555,10825,6150,2985,1515,430,730,360,340,140,200,176,114,51,37,25,6,1,2,2,1,0,0,0,0,0,0,0,4.94,3.62,2.41,1.56,0.73,0.58,0.44,0.33,0.12,0.27,0.23,0.45,0.38,1.03,1.76,2.09,1.54,1.72,2.0,1.0,0.3,0.9,1.39,1.25,0.0,0.0,0.0,0.0,0,0,0,43.5,49.4,58.4,uploads\reference_20231111_215222_CCD__grimm.xlsx,CCD
2023-10-10 15:30:00,301674,164209,79960,34170,11115,6460,3285,1425,400,800,485,365,155,225,230,149,53,23,23,2,2,0,2,1,0,0,0,0,0,0,0,4.97,3.61,2.41,1.59,0.75,0.61,0.48,0.31,0.11,0.3,0.31,0.49,0.42,1.15,2.3,2.73,1.6,1.07,1.84,0.33,0.6,0.0,1.39,1.25,0.0,0.0,0.0,0.0,0,0,0,43.9,50.8,58.1,uploads\reference_20231111_215222_CCD__grimm.xlsx,CCD
2023-10-10 15:31:00,276854,151596,77545,33325,11015,6475,3255,1425,500,690,455,340,200,165,115,84,45,25,29,6,4,1,0,1,0,0,0,0,0,0,0,4.7,3.34,2.34,1.55,0.74,0.61,0.48,0.31,0.14,0.26,0.29,0.45,0.54,0.85,1.15,1.54,1.36,1.16,2.32,1.0,1.21,0.45,0.0,1.25,0.0,0.0,0.0,0.0,0,0,0,41.7,46.4,54.1,uploads\reference_20231111_215222_CCD__grimm.xlsx,CCD
2023-10-10 15:32:00,267584,149240,75990,33095,11335,6215,3200,1560,425,695,435,345,175,225,194,122,60,29,28,11,3,3,0,0,0,0,0,0,0,0,0,4.38,3.29,2.29,1.54,0.77,0.59,0.47,0.34,0.11,0.26,0.28,0.46,0.47,1.15,1.94,2.23,1.81,1.35,2.24,1.84,0.91,1.35,0.0,0.0,0.0,0.0,0.0,0.0,0,0,0,40.0,46.4,55.4,uploads\reference_20231111_215222_CCD__grimm.xlsx,CCD
2023-10-10 15:33:00,262656,146788,76015,34570,11305,6450,3190,1475,475,805,495,330,170,200,150,111,66,30,25,13,2,0,1,2,0,0,0,0,0,0,0,4.3,3.23,2.3,1.6,0.76,0.61,0.47,0.32,0.13,0.3,0.32,0.44,0.46,1.03,1.5,2.03,1.99,1.39,2.0,2.17,0.6,0.0,0.7,2.5,0.0,0.0,0.0,0.0,0,0,0,39.5,45.3,54.9,uploads\reference_20231111_215222_CCD__grimm.xlsx,CCD
2023-10-10 15:34:00,243415,137315,73765,32735,10980,6170,3165,1415,460,660,405,405,180,225,191,149,51,30,25,9,3,1,1,0,0,0,0,0,0,0,0,3.98,3.02,2.23,1.52,0.74,0.58,0.46,0.3,0.12,0.24,0.26,0.54,0.48,1.15,1.91,2.73,1.54,1.39,2.0,1.51,0.91,0.45,0.7,0.0,0.0,0.0,0.0,0.0,0,0,0,36.7,43.5,51.6,uploads\reference_20231111_215222_CCD__grimm.xlsx,CCD
2023-10-10 15:35:00,223983,129328,70810,31970,10380,5945,3045,1455,475,610,400,290,175,210,163,98,44,37,29,5,2,0,2,0,0,0,0,0,0,0,0,3.67,2.85,2.14,1.48,0.7,0.56,0.45,0.31,0.13,0.23,0.26,0.39,0.47,1.08,1.63,1.79,1.33,1.72,2.32,0.84,0.6,0.0,1.39,0.0,0.0,0.0,0.0,0.0,0,0,0,34.0,39.6,47.2,uploads\reference_20231111_215222_CCD__grimm.xlsx,CCD
2023-10-10 15:36:00,217188,125660,70575,31840,10730,5800,3265,1515,445,630,445,305,185,150,180,124,50,33,36,8,3,1,0,0,0,0,0,0,0,0,0,3.56,2.77,2.13,1.48,0.72,0.55,0.48,0.33,0.12,0.23,0.29,0.41,0.5,0.77,1.8,2.27,1.51,1.53,2.89,1.34,0.91,0.45,0.0,0.0,0.0,0.0,0.0,0.0,0,0,0,33.2,39.1,47.2,uploads\reference_20231111_215222_CCD__grimm.xlsx,CCD
2023-10-10 15:37:00,210203,122496,68375,30850,10205,5860,2955,1310,430,700,385,230,165,240,158,104,54,22,25,7,2,2,1,0,0,0,0,0,0,0,0,3.44,2.7,2.06,1.43,0.69,0.55,0.43,0.28,0.12,0.26,0.25,0.31,0.44,1.23,1.58,1.9,1.63,1.02,2.0,1.17,0.6,0.9,0.7,0.0,0.0,0.0,0.0,0.0,0,0,0,32.1,37.7,45.2,uploads\reference_20231111_215222_CCD__grimm.xlsx,CCD
2023-10-10 15:38:00,202672,118510,67145,30365,10285,5735,3095,1410,500,680,500,460,160,215,200,152,33,23,38,10,1,1,1,1,0,0,0,0,0,0,0,3.32,2.61,2.03,1.41,0.69,0.54,0.45,0.3,0.14,0.25,0.32,0.62,0.43,1.1,2.0,2.78,1.0,1.07,3.05,1.67,0.3,0.45,0.7,1.25,0.0,0.0,0.0,0.0,0,0,0,31.3,37.7,46.7,uploads\reference_20231111_215222_CCD__grimm.xlsx,CCD
2023-10-10 15:39:00,198686,116070,67675,30965,9950,5885,3005,1465,515,700,425,340,155,255,105,80,40,31,35,10,5,1,1,2,0,0,0,0,0,0,0,3.25,2.56,2.04,1.44,0.67,0.55,0.44,0.31,0.14,0.26,0.27,0.45,0.42,1.31,1.05,1.46,1.21,1.44,2.81,1.67,1.51,0.45,0.7,2.5,0.0,0.0,0.0,0.0,0,0,0,30.7,35.6,46.3,uploads\reference_20231111_215222_CCD__grimm.xlsx,CCD
2023-10-10 15:40:00,192608,113125,65135,30475,10175,5635,3015,1515,485,705,325,325,205,240,160,78,51,30,35,20,4,1,1,0,0,0,0,0,0,0,0,3.15,2.49,1.97,1.41,0.69,0.53,0.44,0.33,0.13,0.26,0.21,0.43,0.55,1.23,1.6,1.43,1.54,1.39,2.81,3.34,1.21,0.45,0.7,0.0,0.0,0.0,0.0,0.0,0,0,0,29.8,35.3,46.1,uploads\reference_20231111_215222_CCD__grimm.xlsx,CCD
2023-10-10 15:41:00,191425,114280,66275,30125,9820,5845,2990,1405,440,745,445,345,145,280,128,82,40,42,40,10,7,0,1,0,0,0,0,0,0,0,0,3.13,2.52,2.0,1.4,0.66,0.55,0.44,0.3,0.12,0.28,0.29,0.46,0.39,1.44,1.28,1.5,1.21,1.95,3.21,1.67,2.11,0.0,0.7,0.0,0.0,0.0,0.0,0.0,0,0,0,29.7,35.1,45.2,uploads\reference_20231111_215222_CCD__grimm.xlsx,CCD
2023-10-10 15:42:00,196815,117761,68300,31870,10470,5650,3250,1545,495,605,460,400,220,230,210,148,52,39,25,12,3,0,1,0,0,0,0,0,0,0,0,3.22,2.59,2.06,1.48,0.71,0.53,0.48,0.33,0.13,0.22,0.29,0.54,0.59,1.18,2.1,2.71,1.57,1.81,2.0,2.01,0.91,0.0,0.7,0.0,0.0,0.0,0.0,0.0,0,0,0,30.6,37.7,46.2,uploads\reference_20231111_215222_CCD__grimm.xlsx,CCD
2023-10-10 15:43:00,194549,115355,67275,30720,10830,5565,3125,1515,500,730,520,390,220,270,221,131,49,44,43,13,3,0,1,0,0,0,0,0,0,0,0,3.18,2.54,2.03,1.43,0.73,0.52,0.46,0.33,0.14,0.27,0.33,0.52,0.59,1.39,2.21,2.4,1.48,2.04,3.45,2.17,0.91,0.0,0.7,0.0,0.0,0.0,0.0,0.0,0,0,0,30.3,37.5,47.7,uploads\reference_20231111_215222_CCD__grimm.xlsx,CCD
2023-10-10 15:44:00,184357,112280,65405,30815,10255,6145,3140,1555,490,725,415,470,200,225,237,174,61,48,45,15,3,1,0,1,0,0,0,0,0,0,0,3.02,2.47,1.98,1.43,0.69,0.58,0.46,0.33,0.13,0.27,0.27,0.63,0.54,1.15,2.37,3.18,1.84,2.23,3.61,2.51,0.91,0.45,0.0,1.25,0.0,0.0,0.0,0.0,0,0,0,29.0,37.0,48.7,uploads\reference_20231111_215222_CCD__grimm.xlsx,CCD
2023-10-10 15:45:00,180530,110265,66200,31490,10735,5690,3175,1685,450,930,575,400,205,270,314,170,73,49,45,11,4,2,0,1,0,1,0,0,0,0,0,2.96,2.43,2.0,1.46,0.72,0.54,0.46,0.36,0.12,0.35,0.37,0.54,0.55,1.39,3.15,3.11,2.2,2.27,3.61,1.84,1.21,0.9,0.0,1.25,0.0,3.77,0.0,0.0,0,0,0,28.7,37.7,49.8,uploads\reference_20231111_215222_CCD__grimm.xlsx,CCD
2023-10-10 15:46:00,177110,109340,66765,31400,10090,6015,3195,1410,525,890,510,365,215,285,255,162,81,56,46,16,5,2,1,0,1,0,0,0,0,0,0,2.9,2.41,2.02,1.46,0.68,0.57,0.47,0.3,0.14,0.33,0.33,0.49,0.58,1.46,2.56,2.96,2.45,2.6,3.69,2.68,1.51,0.9,0.7,0.0,2.29,0.0,0.0,0.0,0,0,0,28.2,36.8,50.4,uploads\reference_20231111_215222_CCD__grimm.xlsx,CCD
2023-10-10 15:47:00,169143,107385,66700,31210,10555,5945,3335,1660,595,830,595,425,195,295,207,133,94,39,64,14,4,1,2,2,0,0,0,0,0,0,0,2.77,2.36,2.01,1.45,0.71,0.56,0.49,0.36,0.16,0.31,0.38,0.57,0.52,1.51,2.07,2.43,2.84,1.81,5.13,2.34,1.21,0.45,1.39,2.5,0.0,0.0,0.0,0.0,0,0,0,27.3,35.1,50.6,uploads\reference_20231111_215222_CCD__grimm.xlsx,CCD
2023-10-10 15:48:00,164565,104340,64650,31145,10525,6130,3470,1645,585,825,540,475,285,300,296,192,82,46,71,22,3,0,2,1,0,0,0,0,0,0,0,2.69,2.3,1.95,1.44,0.71,0.58,0.51,0.35,0.16,0.31,0.35,0.64,0.76,1.54,2.97,3.51,2.48,2.13,5.69,3.68,0.91,0.0,1.39,1.25,0.0,0.0,0.0,0.0,0,0,0,26.8,36.3,52.6,uploads\reference_20231111_215222_CCD__grimm.xlsx,CCD
2023-10-10 15:49:00,167594,106485,65350,31220,10760,5975,3605,1600,565,910,595,430,285,380,251,195,93,53,46,16,3,1,2,0,0,0,0,0,0,0,0,2.74,2.34,1.97,1.45,0.73,0.56,0.53,0.34,0.15,0.34,0.38,0.58,0.76,1.95,2.51,3.57,2.81,2.46,3.69,2.68,0.91,0.45,1.39,0.0,0.0,0.0,0.0,0.0,0,0,0,27.2,37.1,50.4,uploads\reference_20231111_215222_CCD__grimm.xlsx,CCD
2023-10-10 15:50:00,158396,100880,65755,30620,10690,5985,3455,1820,610,1005,615,475,250,270,327,257,94,73,61,12,8,0,1,2,0,0,0,0,0,0,0,2.59,2.22,1.99,1.42,0.72,0.56,0.51,0.39,0.17,0.37,0.39,0.64,0.67,1.39,3.28,4.7,2.84,3.39,4.89,2.01,2.41,0.0,0.7,2.5,0.0,0.0,0.0,0.0,0,0,0,26.1,37.2,53.9,uploads\reference_20231111_215222_CCD__grimm.xlsx,CCD
2023-10-10 15:51:00,159063,100779,64320,31085,10665,5860,3315,1520,505,795,600,490,250,275,280,187,79,32,44,13,2,2,1,0,0,0,0,0,0,0,0,2.6,2.22,1.94,1.44,0.72,0.55,0.49,0.33,0.14,0.3,0.38,0.66,0.67,1.41,2.81,3.42,2.39,1.48,3.53,2.17,0.6,0.9,0.7,0.0,0.0,0.0,0.0,0.0,0,0,0,26.0,34.9,46.1,uploads\reference_20231111_215222_CCD__grimm.xlsx,CCD
2023-10-10 15:52:00,157574,102175,66500,31630,10330,6145,3290,1680,530,1010,480,640,280,335,261,163,106,50,51,20,5,3,0,1,0,0,0,0,0,0,0,2.58,2.25,2.01,1.47,0.7,0.58,0.48,0.36,0.14,0.37,0.31,0.86,0.75,1.72,2.62,2.98,3.2,2.32,4.09,3.34,1.51,1.35,0.0,1.25,0.0,0.0,0.0,0.0,0,0,0,26.0,35.6,50.9,uploads\reference_20231111_215222_CCD__grimm.xlsx,CCD
2023-10-10 15:53:00,148355,98724,65460,30865,10495,6265,3425,1855,485,1040,660,510,310,360,357,265,88,55,60,16,3,1,0,0,0,0,0,0,0,0,0,2.43,2.17,1.98,1.43,0.71,0.59,0.5,0.4,0.13,0.39,0.42,0.68,0.83,1.85,3.58,4.85,2.66,2.55,4.81,2.68,0.91,0.45,0.0,0.0,0.0,0.0,0.0,0.0,0,0,0,25.0,36.7,50.2,uploads\reference_20231111_215222_CCD__grimm.xlsx,CCD
2023-10-10 15:54:00,145799,97404,64225,31290,10830,5640,3190,1865,555,1005,605,525,250,320,283,211,112,47,65,13,3,0,0,0,1,0,0,0,0,0,0,2.39,2.14,1.94,1.45,0.73,0.53,0.47,0.4,0.15,0.37,0.39,0.7,0.67,1.64,2.84,3.86,3.38,2.18,5.21,2.17,0.91,0.0,0.0,0.0,2.29,0.0,0.0,0.0,0,0,0,24.5,34.8,47.6,uploads\reference_20231111_215222_CCD__grimm.xlsx,CCD
2023-10-10 15:55:00,143075,95540,65095,31740,10575,5915,3145,1780,510,895,545,610,360,345,312,200,94,47,57,15,3,1,1,0,0,0,0,0,0,0,0,2.34,2.1,1.97,1.47,0.71,0.56,0.46,0.38,0.14,0.33,0.35,0.82,0.97,1.77,3.13,3.66,2.84,2.18,4.57,2.51,0.91,0.45,0.7,0.0,0.0,0.0,0.0,0.0,0,0,0,24.2,34.7,48.0,uploads\reference_20231111_215222_CCD__grimm.xlsx,CCD
2023-10-10 15:56:00,143651,96723,64515,30390,10285,5730,3590,1710,600,870,605,520,325,280,230,131,78,57,37,22,3,1,0,0,1,0,0,0,0,0,0,2.35,2.13,1.95,1.41,0.69,0.54,0.53,0.37,0.16,0.32,0.39,0.7,0.87,1.44,2.3,2.4,2.36,2.64,2.97,3.68,0.91,0.45,0.0,0.0,2.29,0.0,0.0,0.0,0,0,0,24.2,32.5,44.4,uploads\reference_20231111_215222_CCD__grimm.xlsx,CCD
2023-10-10 15:57:00,140262,93728,65040,31165,10315,5800,3275,1765,595,925,625,600,275,300,350,230,80,41,48,18,2,0,1,0,0,0,0,0,0,0,0,2.3,2.06,1.96,1.45,0.7,0.55,0.48,0.38,0.16,0.34,0.4,0.8,0.74,1.54,3.51,4.21,2.42,1.9,3.85,3.01,0.6,0.0,0.7,0.0,0.0,0.0,0.0,0.0,0,0,0,23.8,34.4,46.5,uploads\reference_20231111_215222_CCD__grimm.xlsx,CCD
